Workbook

Sheet Even matrix
A1: Even-lines test: 5 even D-groups as candidate rows over the 11 even lines (entry = sum of the dynamic values on that line)
A3: Line | B3: 12 | C3: 13 | D3: 14 | E3: 16 | F3: 19 | G3: 22 | H3: 23 | I3: 24 | J3: 25 | K3: 26 | L3: 28 | M3: Total
A4: D-group of the line | B4: 2 | C4: 2 | D4: 2 | E4: 4 | F4: 6 | G4: 8 | H4: 8 | I4: 8 | J4: 8 | K4: 8 | L4: 10
A5: Names on the line | B5: =COUNTIF('Names (99)'!$G$2:$G$100,B$3) -> 9 | C5: =COUNTIF('Names (99)'!$G$2:$G$100,C$3) -> 9 | D5: =COUNTIF('Names (99)'!$G$2:$G$100,D$3) -> 9 | E5: =COUNTIF('Names (99)'!$G$2:$G$100,E$3) -> 9 | F5: =COUNTIF('Names (99)'!$G$2:$G$100,F$3) -> 9 | G5: =COUNTIF('Names (99)'!$G$2:$G$100,G$3) -> 9 | H5: =COUNTIF('Names (99)'!$G$2:$G$100,H$3) -> 9 | I5: =COUNTIF('Names (99)'!$G$2:$G$100,I$3) -> 9 | ... L5: =COUNTIF('Names (99)'!$G$2:$G$100,L$3) -> 9 | M5: =SUM(B5:L5) -> 99
A6: Rising names on the line | B6: =COUNTIFS('Names (99)'!$G$2:$G$100,B$3,'Names (99)'!$F$2:$F$100,1) -> 0 | C6: =COUNTIFS('Names (99)'!$G$2:$G$100,C$3,'Names (99)'!$F$2:$F$100,1) -> 0 | D6: =COUNTIFS('Names (99)'!$G$2:$G$100,D$3,'Names (99)'!$F$2:$F$100,1) -> 0 | E6: =COUNTIFS('Names (99)'!$G$2:$G$100,E$3,'Names (99)'!$F$2:$F$100,1) -> 0 | F6: =COUNTIFS('Names (99)'!$G$2:$G$100,F$3,'Names (99)'!$F$2:$F$100,1) -> 0 | G6: =COUNTIFS('Names (99)'!$G$2:$G$100,G$3,'Names (99)'!$F$2:$F$100,1) -> 0 | H6: =COUNTIFS('Names (99)'!$G$2:$G$100,H$3,'Names (99)'!$F$2:$F$100,1) -> 2 | I6: =COUNTIFS('Names (99)'!$G$2:$G$100,I$3,'Names (99)'!$F$2:$F$100,1) -> 2 | ... L6: =COUNTIFS('Names (99)'!$G$2:$G$100,L$3,'Names (99)'!$F$2:$F$100,1) -> 4 | M6: =SUM(B6:L6) -> 15
A7: Dynamic sum on the line | B7: =SUMIFS('Names (99)'!$E$2:$E$100,'Names (99)'!$G$2:$G$100,B$3) -> 451 | C7: =SUMIFS('Names (99)'!$E$2:$E$100,'Names (99)'!$G$2:$G$100,C$3) -> 537 | D7: =SUMIFS('Names (99)'!$E$2:$E$100,'Names (99)'!$G$2:$G$100,D$3) -> 554 | E7: =SUMIFS('Names (99)'!$E$2:$E$100,'Names (99)'!$G$2:$G$100,E$3) -> 577 | F7: =SUMIFS('Names (99)'!$E$2:$E$100,'Names (99)'!$G$2:$G$100,F$3) -> 604 | G7: =SUMIFS('Names (99)'!$E$2:$E$100,'Names (99)'!$G$2:$G$100,G$3) -> 698 | H7: =SUMIFS('Names (99)'!$E$2:$E$100,'Names (99)'!$G$2:$G$100,H$3) -> 765 | I7: =SUMIFS('Names (99)'!$E$2:$E$100,'Names (99)'!$G$2:$G$100,I$3) -> 824 | ... L7: =SUMIFS('Names (99)'!$E$2:$E$100,'Names (99)'!$G$2:$G$100,L$3) -> 1702 | M7: =SUM(B7:L7) -> 8560
A8: Candidate rows (one per even D-group; zero outside its own lines)
A9: 2 | B9: =IF(B$4=$A9,B$7,0) -> 451 | C9: =IF(C$4=$A9,C$7,0) -> 537 | D9: =IF(D$4=$A9,D$7,0) -> 554 | E9: =IF(E$4=$A9,E$7,0) -> 0 | F9: =IF(F$4=$A9,F$7,0) -> 0 | G9: =IF(G$4=$A9,G$7,0) -> 0 | H9: =IF(H$4=$A9,H$7,0) -> 0 | I9: =IF(I$4=$A9,I$7,0) -> 0 | ... L9: =IF(L$4=$A9,L$7,0) -> 0 | M9: =SUM(B9:L9) -> 1542 | N9: ="D"&A9 -> D2
A10: 4 | B10: =IF(B$4=$A10,B$7,0) -> 0 | C10: =IF(C$4=$A10,C$7,0) -> 0 | D10: =IF(D$4=$A10,D$7,0) -> 0 | E10: =IF(E$4=$A10,E$7,0) -> 577 | F10: =IF(F$4=$A10,F$7,0) -> 0 | G10: =IF(G$4=$A10,G$7,0) -> 0 | H10: =IF(H$4=$A10,H$7,0) -> 0 | I10: =IF(I$4=$A10,I$7,0) -> 0 | ... L10: =IF(L$4=$A10,L$7,0) -> 0 | M10: =SUM(B10:L10) -> 577 | N10: ="D"&A10 -> D4
A11: 6 | B11: =IF(B$4=$A11,B$7,0) -> 0 | C11: =IF(C$4=$A11,C$7,0) -> 0 | D11: =IF(D$4=$A11,D$7,0) -> 0 | E11: =IF(E$4=$A11,E$7,0) -> 0 | F11: =IF(F$4=$A11,F$7,0) -> 604 | G11: =IF(G$4=$A11,G$7,0) -> 0 | H11: =IF(H$4=$A11,H$7,0) -> 0 | I11: =IF(I$4=$A11,I$7,0) -> 0 | ... L11: =IF(L$4=$A11,L$7,0) -> 0 | M11: =SUM(B11:L11) -> 604 | N11: ="D"&A11 -> D6
A12: 8 | B12: =IF(B$4=$A12,B$7,0) -> 0 | C12: =IF(C$4=$A12,C$7,0) -> 0 | D12: =IF(D$4=$A12,D$7,0) -> 0 | E12: =IF(E$4=$A12,E$7,0) -> 0 | F12: =IF(F$4=$A12,F$7,0) -> 0 | G12: =IF(G$4=$A12,G$7,0) -> 698 | H12: =IF(H$4=$A12,H$7,0) -> 765 | I12: =IF(I$4=$A12,I$7,0) -> 824 | ... L12: =IF(L$4=$A12,L$7,0) -> 0 | M12: =SUM(B12:L12) -> 4135 | N12: ="D"&A12 -> D8
A13: 10 | B13: =IF(B$4=$A13,B$7,0) -> 0 | C13: =IF(C$4=$A13,C$7,0) -> 0 | D13: =IF(D$4=$A13,D$7,0) -> 0 | E13: =IF(E$4=$A13,E$7,0) -> 0 | F13: =IF(F$4=$A13,F$7,0) -> 0 | G13: =IF(G$4=$A13,G$7,0) -> 0 | H13: =IF(H$4=$A13,H$7,0) -> 0 | I13: =IF(I$4=$A13,I$7,0) -> 0 | ... L13: =IF(L$4=$A13,L$7,0) -> 1702 | M13: =SUM(B13:L13) -> 1702 | N13: ="D"&A13 -> D10
L14: Grand total | M14: =SUM(M9:M13) -> 8560
B15: D2 | C15: D4 | D15: D6 | E15: D8 | F15: D10
A16: Lines in each group (nonzero entries) | B16: =COUNTIF(B9:L9,">0") -> 3 | C16: =COUNTIF(B10:L10,">0") -> 1 | D16: =COUNTIF(B11:L11,">0") -> 1 | E16: =COUNTIF(B12:L12,">0") -> 5 | F16: =COUNTIF(B13:L13,">0") -> 1
A18: Link to the large plane: S4 folded to D-groups | B18: =SUMIF($B$4:$L$4,A9,$B$7:$L$7) -> 1542 | C18: =SUMIF($B$4:$L$4,A10,$B$7:$L$7) -> 577 | D18: =SUMIF($B$4:$L$4,A11,$B$7:$L$7) -> 604 | E18: =SUMIF($B$4:$L$4,A12,$B$7:$L$7) -> 4135 | F18: =SUMIF($B$4:$L$4,A13,$B$7:$L$7) -> 1702
A19: (equals the S4 row of the 4x11 matrix: 1,542 | 577 | 604 | 4,135 | 1,702; the five rows sum to that S4 line by line)

Sheet Summary
A1: Even-lines test: summary for each choice of 4 of the 5 even groups
A3: Rows used | B3: Nonzero of 330 | C3: Positive | D3: Negative | E3: Predicted nonzero (product of line counts) | F3: Zero | G3: Lies in Gr>=0(4,11)? | H3: Cell dimension (sum of line counts - 4)
A4: D-groups without D2 | B4: =COUNTIF(Minors!E3:E332,"<>0") -> 5 | C4: =COUNTIF(Minors!E3:E332,">0") -> 5 | D4: =COUNTIF(Minors!E3:E332,"<0") -> 0 | E4: =COUNTIF('Even matrix'!B10:L10,">0")*COUNTIF('Even matrix'!B11:L11,">0")*COUNTIF('Even matrix'!B12:L12,">0")*COUNTIF('Even matrix'!B13:L13,">0") -> 5 | F4: =330-B4 -> 325 | G4: =IF(D4=0,"yes","no") -> yes | H4: =COUNTIF('Even matrix'!B10:L10,">0")+COUNTIF('Even matrix'!B11:L11,">0")+COUNTIF('Even matrix'!B12:L12,">0")+COUNTIF('Even matrix'!B13:L13,">0")-4 -> 4
A5: D-groups without D4 | B5: =COUNTIF(Minors!F3:F332,"<>0") -> 15 | C5: =COUNTIF(Minors!F3:F332,">0") -> 15 | D5: =COUNTIF(Minors!F3:F332,"<0") -> 0 | E5: =COUNTIF('Even matrix'!B9:L9,">0")*COUNTIF('Even matrix'!B11:L11,">0")*COUNTIF('Even matrix'!B12:L12,">0")*COUNTIF('Even matrix'!B13:L13,">0") -> 15 | F5: =330-B5 -> 315 | G5: =IF(D5=0,"yes","no") -> yes | H5: =COUNTIF('Even matrix'!B9:L9,">0")+COUNTIF('Even matrix'!B11:L11,">0")+COUNTIF('Even matrix'!B12:L12,">0")+COUNTIF('Even matrix'!B13:L13,">0")-4 -> 6
A6: D-groups without D6 | B6: =COUNTIF(Minors!G3:G332,"<>0") -> 15 | C6: =COUNTIF(Minors!G3:G332,">0") -> 15 | D6: =COUNTIF(Minors!G3:G332,"<0") -> 0 | E6: =COUNTIF('Even matrix'!B9:L9,">0")*COUNTIF('Even matrix'!B10:L10,">0")*COUNTIF('Even matrix'!B12:L12,">0")*COUNTIF('Even matrix'!B13:L13,">0") -> 15 | F6: =330-B6 -> 315 | G6: =IF(D6=0,"yes","no") -> yes | H6: =COUNTIF('Even matrix'!B9:L9,">0")+COUNTIF('Even matrix'!B10:L10,">0")+COUNTIF('Even matrix'!B12:L12,">0")+COUNTIF('Even matrix'!B13:L13,">0")-4 -> 6
A7: D-groups without D8 | B7: =COUNTIF(Minors!H3:H332,"<>0") -> 3 | C7: =COUNTIF(Minors!H3:H332,">0") -> 3 | D7: =COUNTIF(Minors!H3:H332,"<0") -> 0 | E7: =COUNTIF('Even matrix'!B9:L9,">0")*COUNTIF('Even matrix'!B10:L10,">0")*COUNTIF('Even matrix'!B11:L11,">0")*COUNTIF('Even matrix'!B13:L13,">0") -> 3 | F7: =330-B7 -> 327 | G7: =IF(D7=0,"yes","no") -> yes | H7: =COUNTIF('Even matrix'!B9:L9,">0")+COUNTIF('Even matrix'!B10:L10,">0")+COUNTIF('Even matrix'!B11:L11,">0")+COUNTIF('Even matrix'!B13:L13,">0")-4 -> 2
A8: D-groups without D10 | B8: =COUNTIF(Minors!I3:I332,"<>0") -> 15 | C8: =COUNTIF(Minors!I3:I332,">0") -> 15 | D8: =COUNTIF(Minors!I3:I332,"<0") -> 0 | E8: =COUNTIF('Even matrix'!B9:L9,">0")*COUNTIF('Even matrix'!B10:L10,">0")*COUNTIF('Even matrix'!B11:L11,">0")*COUNTIF('Even matrix'!B12:L12,">0") -> 15 | F8: =330-B8 -> 315 | G8: =IF(D8=0,"yes","no") -> yes | H8: =COUNTIF('Even matrix'!B9:L9,">0")+COUNTIF('Even matrix'!B10:L10,">0")+COUNTIF('Even matrix'!B11:L11,">0")+COUNTIF('Even matrix'!B12:L12,">0")-4 -> 6
A10: Reading: each row occupies its own block of lines, so a coordinate is nonzero only when it takes exactly one line from each chosen group; it is then a plain product of four entries. All such coordinates are positive, so the plane lies in the nonnegative Grassmannian, in a small positroid cell (dimension 2 to 6 of 28).

Sheet Names (99)
A1: Block | B1: # | C1: Name | D1: Static value | E1: Dynamic value | F1: Rising (1/0) | G1: Line (blue cell) | H1: Column (1-9) | I1: Blue cell value | J1: D-group
A2: L | B2: 20 | C2: المخرج | D2: 44 | E2: 44 | F2: 0 | G2: 12 | H2: 1 | I2: 136 | J2: 2
A3: L | B3: 47 | C3: الصمد | D3: 45 | E3: 45 | F3: 0 | G3: 12 | H3: 2 | I3: 137 | J3: 2
A4: Y | B4: 19 | C4: البر | D4: 46 | E4: 46 | F4: 0 | G4: 12 | H4: 3 | I4: 138 | J4: 2
A5: N | B5: 27 | C5: الملك | D5: 49 | E5: 49 | F5: 0 | G5: 12 | H5: 4 | I5: 139 | J5: 2
A6: L | B6: 1 | C6: الله | D6: 50 | E6: 50 | F6: 0 | G6: 12 | H6: 5 | I6: 140 | J6: 2
A7: L | B7: 43 | C7: المتكبر | D7: 51 | E7: 51 | F7: 0 | G7: 12 | H7: 6 | I7: 141 | J7: 2
A8: N | B8: 21 | C8: الحكم | D8: 52 | E8: 52 | F8: 0 | G8: 12 | H8: 7 | I8: 142 | J8: 2
A9: L | B9: 30 | C9: المقتدر | D9: 56 | E9: 56 | F9: 0 | G9: 12 | H9: 8 | I9: 143 | J9: 2
A10: L | B10: 24 | C10: المجيد | D10: 58 | E10: 58 | F10: 0 | G10: 12 | H10: 9 | I10: 144 | J10: 2
A11: N | B11: 13 | C11: الغنى | D11: 59 | E11: 59 | F11: 0 | G11: 13 | H11: 1 | I11: 145 | J11: 2
A12: N | B12: 20 | C12: الحق | D12: 59 | E12: 59 | F12: 0 | G12: 13 | H12: 2 | I12: 146 | J12: 2
A13: Y | B13: 16 | C13: الكريم | D13: 59 | E13: 59 | F13: 0 | G13: 13 | H13: 3 | I13: 147 | J13: 2
... A100: L | B100: 14 | C100: فاطر السموت و الارض | D100: 217 | E100: 297 | F100: 1 | G100: 28 | H100: 9 | I100: 288 | J100: 10
C102: Totals | D102: =SUM(D2:D100) -> 7840 | E102: =SUM(E2:E100) -> 8560 | F102: =SUM(F2:F100) -> 15
A104: Dynamic names placed on the 99 even-line cells in ascending dynamic value (ties L>N>Y), starting at cell 136 (line 12, column 1). Blue = inputs from the model rules.

Sheet Minors
A1: All 330 Plucker coordinates (4 of the 11 even lines) for each choice of 4 rows. Exact integers computed outside Excel.
A2: line a | B2: line b | C2: line c | D2: line d | E2: rows without D2 | F2: rows without D4 | G2: rows without D6 | H2: rows without D8 | I2: rows without D10
A3: 12 | B3: 13 | C3: 14 | D3: 16 | E3: 0 | F3: 0 | G3: 0 | H3: 0 | I3: 0
A4: 12 | B4: 13 | C4: 14 | D4: 19 | E4: 0 | F4: 0 | G4: 0 | H4: 0 | I4: 0
A5: 12 | B5: 13 | C5: 14 | D5: 22 | E5: 0 | F5: 0 | G5: 0 | H5: 0 | I5: 0
A6: 12 | B6: 13 | C6: 14 | D6: 23 | E6: 0 | F6: 0 | G6: 0 | H6: 0 | I6: 0
A7: 12 | B7: 13 | C7: 14 | D7: 24 | E7: 0 | F7: 0 | G7: 0 | H7: 0 | I7: 0
A8: 12 | B8: 13 | C8: 14 | D8: 25 | E8: 0 | F8: 0 | G8: 0 | H8: 0 | I8: 0
A9: 12 | B9: 13 | C9: 14 | D9: 26 | E9: 0 | F9: 0 | G9: 0 | H9: 0 | I9: 0
A10: 12 | B10: 13 | C10: 14 | D10: 28 | E10: 0 | F10: 0 | G10: 0 | H10: 0 | I10: 0
A11: 12 | B11: 13 | C11: 16 | D11: 19 | E11: 0 | F11: 0 | G11: 0 | H11: 0 | I11: 0
A12: 12 | B12: 13 | C12: 16 | D12: 22 | E12: 0 | F12: 0 | G12: 0 | H12: 0 | I12: 0
A13: 12 | B13: 13 | C13: 16 | D13: 23 | E13: 0 | F13: 0 | G13: 0 | H13: 0 | I13: 0
A14: 12 | B14: 13 | C14: 16 | D14: 24 | E14: 0 | F14: 0 | G14: 0 | H14: 0 | I14: 0
... A332: 24 | B332: 25 | C332: 26 | D332: 28 | E332: 0 | F332: 0 | G332: 0 | H332: 0 | I332: 0

Sheet Link to large plane
A1: How the even part sits inside the large 4 x 29 plane (S1..S4 over one column per line)
A3: Even line | B3: D-group | C3: S4 entry on the line (= even-lines matrix entry) | D3: Large-plane coordinates through this line (C(17,2)) | E3: Check: coordinates = 216 x S4 entry x (2x2 minor of S1,S2)
A4: ='Even matrix'!B3 -> 12 | B4: ='Even matrix'!B4 -> 2 | C4: ='Even matrix'!B7 -> 451 | D4: =COMBIN(17,2) -> 136 | E4: verified
A5: ='Even matrix'!C3 -> 13 | B5: ='Even matrix'!C4 -> 2 | C5: ='Even matrix'!C7 -> 537 | D5: =COMBIN(17,2) -> 136 | E5: verified
A6: ='Even matrix'!D3 -> 14 | B6: ='Even matrix'!D4 -> 2 | C6: ='Even matrix'!D7 -> 554 | D6: =COMBIN(17,2) -> 136 | E6: verified
A7: ='Even matrix'!E3 -> 16 | B7: ='Even matrix'!E4 -> 4 | C7: ='Even matrix'!E7 -> 577 | D7: =COMBIN(17,2) -> 136 | E7: verified
A8: ='Even matrix'!F3 -> 19 | B8: ='Even matrix'!F4 -> 6 | C8: ='Even matrix'!F7 -> 604 | D8: =COMBIN(17,2) -> 136 | E8: verified
A9: ='Even matrix'!G3 -> 22 | B9: ='Even matrix'!G4 -> 8 | C9: ='Even matrix'!G7 -> 698 | D9: =COMBIN(17,2) -> 136 | E9: verified
A10: ='Even matrix'!H3 -> 23 | B10: ='Even matrix'!H4 -> 8 | C10: ='Even matrix'!H7 -> 765 | D10: =COMBIN(17,2) -> 136 | E10: verified
A11: ='Even matrix'!I3 -> 24 | B11: ='Even matrix'!I4 -> 8 | C11: ='Even matrix'!I7 -> 824 | D11: =COMBIN(17,2) -> 136 | E11: verified
A12: ='Even matrix'!J3 -> 25 | B12: ='Even matrix'!J4 -> 8 | C12: ='Even matrix'!J7 -> 868 | D12: =COMBIN(17,2) -> 136 | E12: verified
A13: ='Even matrix'!K3 -> 26 | B13: ='Even matrix'!K4 -> 8 | C13: ='Even matrix'!K7 -> 980 | D13: =COMBIN(17,2) -> 136 | E13: verified
A14: ='Even matrix'!L3 -> 28 | B14: ='Even matrix'!L4 -> 10 | C14: ='Even matrix'!L7 -> 1702 | D14: =COMBIN(17,2) -> 136 | E14: verified
C15: Total coordinates | D15: =SUM(D4:D14) -> 1496
A17: All 1,496 nonzero coordinates of the large plane have the form +/- 216 x (S4 entry on one even line) x (S1[a] S2[b] - S1[b] S2[a]) for two odd lines a, b other than line 20. I checked every one (0 failures). So the large plane splits as a 3-plane on the odd lines plus a single vector (S4) on the even lines, and the five rows of this sheet unfold that single vector line by line: S4 = D2 + D4 + D6 + D8 + D10 rows.
