Workbook

Sheet README
A1: Gr(4,11) test: 9 grid columns as rows x 11 D-groups as columns
A2: Rows = grid columns 1..9 of the 9x29 grid (cells 37-297). Columns = D1..D11 (D1 lines 1-11, D2 12-14, D3 15, D4 16, D5 17-18, D6 19, D7 20-21, D8 22-26, D9 27, D10 28, D11 29).
A3: Entry (row c, column D) = sum of all values in grid column c inside D-group D. Zones: grey (each of 114 names counted at the cell numbered by its value), white (99 static names), S3 (216 at line 20 col 9), blue (99 dynamic values).
A4: Sheets: Zones_* (blue font = values computed from your lists in Python), Total (formulas = sum of the four zone sheets), Combos_126 (one row per choice of 4 rows; counts by formula from Minors), Minors (all 126 x 330 exact 4x4 minors, Python-computed integers, colour = sign), Quad_summary, Column_roles, Number_hunt.
A5: Gr>=0 test: a 4-plane is in Gr>=0(4,11) if all 330 minors have the same sign (zeros allowed). Flipping the sign of one row flips all minors, so 'all negative' counts too. Column order used: D1..D11.
A6: Source of values: your pasted lists (L47, N31, Y21, 15 rising pairs) and grid. Grey-cell rule (name sits in the cell numbered by its value) is my reading, confirmed by the column sums 1327,1512,414,1213,1132,1425,874,881,1017 = 9795.

Sheet Tests_reference
A1: ID | B1: Test | C1: Setup | D1: Result (exact) | E1: Status
A2: T0 | B2: Grid reconstruction check | C2: Grey = cell numbered by name value; whites placed from cell 296 backward; blue = even D-groups from cell 136 | D2: 62 distinct grey cells, all in odd D; 99 free odd cells = 99 whites; all pasted white labels and all 11 blue rows match; grey column sums 1327,1512,414,1213,1132,1425,874,881,1017 = 9795 | E2: verified
A3: T1 | B3: Per-name test | C3: Grey, white, D7 (216), blue cells in four different D-groups | D3: 40 pass, 59 fail: 44 grey=white D, 14 white in D7, 1 (L14) both. D7: 15 white + 216 + 2 grey (211, 217). Same result if the dynamic grey cell is used for rising names | E3: verified; criterion is descriptive, not derived
A4: T2 | B4: 4 x 9 columns (rows S1..S4, grid columns as columns) | C4: 126 minors; S3 has only column 9 | D4: 70 zero (forced, columns without 9), 56 nonzero (26 +, 30 -); 56 = 216 x 3x3 minors of grey/white/blue | E4: verified
A5: T3 | B5: Flat 4 x 11 (rows S1..S4, columns D1..D11) | C5: Zero pattern only | D5: 50 nonzero of 330 (28 +, 22 -); 9,120 of 11! column orders give one sign; random matrices with same zero pattern give same counts | E5: from earlier chat; 4x11 recomputed here
A6: T4 | B6: 9 x 11 full (rows = grid columns, columns = D) | C6: 126 choices of 4 rows, 330 minors each, natural order | D6: 125 choices with all 330 nonzero, 1 with 329 (rows 2-3-6-7, D2-D4-D6-D8 = 0); totals 20,720 +, 20,859 -, 1 zero; no choice in Gr>=0; local search over column orders: best 49 minority-sign minors | E6: verified (search heuristic)
A7: T5 | B7: 62 layout (grey only, 114 names) | C7: Same 126 choices | D7: 42 rank 4, 84 rank<4; 39 in Gr>=0 (21 +, 18 -), 3 mixed (1-2-4-9, 1-4-6-9, 1-4-8-9); grey entries only in D1, D3, D5, D7, D9, D11 | E7: verified; boundary points (1, 2, 4 nonzero minors)
A8: T6 | B8: 62 + 216 (216 at row 9, D7) | C8: Same 126 choices | D8: 27 in Gr>=0 (13 +, 14 -), 15 mixed, 84 rank<4; 12 choices (containing 1 and 9) each gain one opposite-sign minor; 27 survivors = 12 without row 9 + 15 with row 9 untouched | E8: verified
A9: T7 | B9: Adding the last zone | C9: 62+216+blue, 62+216+white, full | D9: All 126 choices mixed, rank 4, in each case: 0 survivors. White adds only odd-D minors (max 15 per choice), blue up to 294 | E9: verified
A10: T8 | B10: Grey variants | C10: static 99 only / dynamic 99 only / both 114 | D10: static: 15 rank-4 choices, all Gr>=0, 216 changes nothing; dynamic: 31 Gr>=0, 22 with 216; both: 39, 27 with 216 | E10: verified
A11: T9 | B11: Row 5 | C11: Features | D11: 62 layout: rows 3,5,7 hold D1 only; rows 2,6,8 hold D1 and D5 only; full layout: no special feature (avg minority 154.5 vs 154-157); centre cell 167 (line 15, D3, col 5) holds Y8 = 79; dynamic median = 79 | E11: verified
A12: Open | B12: Frequency test, first-11-lines candidate, 2D curl attachment for B and C, static 99 against its own 11 D | E12: not done

Sheet Combos_126
A1: # | B1: Rows chosen | C1: Positive minors | D1: Negative minors | E1: Zero minors | F1: Nonzero | G1: Minority sign count | H1: In Gr>=0? (all same sign) | I1: Min |minor| nonzero | J1: Max |minor|
A2: 1 | B2: 1-2-3-4 | C2: =COUNTIF(Minors!B2:LS2,">0") -> 182 | D2: =COUNTIF(Minors!B2:LS2,"<0") -> 148 | E2: =COUNTIF(Minors!B2:LS2,0) -> 0 | F2: =C2+D2 -> 330 | G2: =MIN(C2,D2) -> 148 | H2: =IF(F2=0,"rank<4",IF(G2=0,"YES","no")) -> no | I2: =MIN(MIN(Minors!B2:LS2),-MAX(Minors!B2:LS2))*0+SMALL(Minors!B2:LS2,COUNTIF(Minors!B2:LS2,"<0")+E2+1) -> 45 | J2: =MAX(MAX(Minors!B2:LS2),-MIN(Minors!B2:LS2)) -> 3164226470
A3: 2 | B3: 1-2-3-5 | C3: =COUNTIF(Minors!B3:LS3,">0") -> 186 | D3: =COUNTIF(Minors!B3:LS3,"<0") -> 144 | E3: =COUNTIF(Minors!B3:LS3,0) -> 0 | F3: =C3+D3 -> 330 | G3: =MIN(C3,D3) -> 144 | H3: =IF(F3=0,"rank<4",IF(G3=0,"YES","no")) -> no | I3: =MIN(MIN(Minors!B3:LS3),-MAX(Minors!B3:LS3))*0+SMALL(Minors!B3:LS3,COUNTIF(Minors!B3:LS3,"<0")+E3+1) -> 1476 | J3: =MAX(MAX(Minors!B3:LS3),-MIN(Minors!B3:LS3)) -> 6871701069
A4: 3 | B4: 1-2-3-6 | C4: =COUNTIF(Minors!B4:LS4,">0") -> 183 | D4: =COUNTIF(Minors!B4:LS4,"<0") -> 147 | E4: =COUNTIF(Minors!B4:LS4,0) -> 0 | F4: =C4+D4 -> 330 | G4: =MIN(C4,D4) -> 147 | H4: =IF(F4=0,"rank<4",IF(G4=0,"YES","no")) -> no | I4: =MIN(MIN(Minors!B4:LS4),-MAX(Minors!B4:LS4))*0+SMALL(Minors!B4:LS4,COUNTIF(Minors!B4:LS4,"<0")+E4+1) -> 704 | J4: =MAX(MAX(Minors!B4:LS4),-MIN(Minors!B4:LS4)) -> 4254988118
A5: 4 | B5: 1-2-3-7 | C5: =COUNTIF(Minors!B5:LS5,">0") -> 178 | D5: =COUNTIF(Minors!B5:LS5,"<0") -> 152 | E5: =COUNTIF(Minors!B5:LS5,0) -> 0 | F5: =C5+D5 -> 330 | G5: =MIN(C5,D5) -> 152 | H5: =IF(F5=0,"rank<4",IF(G5=0,"YES","no")) -> no | I5: =MIN(MIN(Minors!B5:LS5),-MAX(Minors!B5:LS5))*0+SMALL(Minors!B5:LS5,COUNTIF(Minors!B5:LS5,"<0")+E5+1) -> 2637 | J5: =MAX(MAX(Minors!B5:LS5),-MIN(Minors!B5:LS5)) -> 3949988358
A6: 5 | B6: 1-2-3-8 | C6: =COUNTIF(Minors!B6:LS6,">0") -> 180 | D6: =COUNTIF(Minors!B6:LS6,"<0") -> 150 | E6: =COUNTIF(Minors!B6:LS6,0) -> 0 | F6: =C6+D6 -> 330 | G6: =MIN(C6,D6) -> 150 | H6: =IF(F6=0,"rank<4",IF(G6=0,"YES","no")) -> no | I6: =MIN(MIN(Minors!B6:LS6),-MAX(Minors!B6:LS6))*0+SMALL(Minors!B6:LS6,COUNTIF(Minors!B6:LS6,"<0")+E6+1) -> 3215 | J6: =MAX(MAX(Minors!B6:LS6),-MIN(Minors!B6:LS6)) -> 11235516366
A7: 6 | B7: 1-2-3-9 | C7: =COUNTIF(Minors!B7:LS7,">0") -> 175 | D7: =COUNTIF(Minors!B7:LS7,"<0") -> 155 | E7: =COUNTIF(Minors!B7:LS7,0) -> 0 | F7: =C7+D7 -> 330 | G7: =MIN(C7,D7) -> 155 | H7: =IF(F7=0,"rank<4",IF(G7=0,"YES","no")) -> no | I7: =MIN(MIN(Minors!B7:LS7),-MAX(Minors!B7:LS7))*0+SMALL(Minors!B7:LS7,COUNTIF(Minors!B7:LS7,"<0")+E7+1) -> 788 | J7: =MAX(MAX(Minors!B7:LS7),-MIN(Minors!B7:LS7)) -> 13719019960
A8: 7 | B8: 1-2-4-5 | C8: =COUNTIF(Minors!B8:LS8,">0") -> 148 | D8: =COUNTIF(Minors!B8:LS8,"<0") -> 182 | E8: =COUNTIF(Minors!B8:LS8,0) -> 0 | F8: =C8+D8 -> 330 | G8: =MIN(C8,D8) -> 148 | H8: =IF(F8=0,"rank<4",IF(G8=0,"YES","no")) -> no | I8: =MIN(MIN(Minors!B8:LS8),-MAX(Minors!B8:LS8))*0+SMALL(Minors!B8:LS8,COUNTIF(Minors!B8:LS8,"<0")+E8+1) -> 2808 | J8: =MAX(MAX(Minors!B8:LS8),-MIN(Minors!B8:LS8)) -> 2192822252
A9: 8 | B9: 1-2-4-6 | C9: =COUNTIF(Minors!B9:LS9,">0") -> 160 | D9: =COUNTIF(Minors!B9:LS9,"<0") -> 170 | E9: =COUNTIF(Minors!B9:LS9,0) -> 0 | F9: =C9+D9 -> 330 | G9: =MIN(C9,D9) -> 160 | H9: =IF(F9=0,"rank<4",IF(G9=0,"YES","no")) -> no | I9: =MIN(MIN(Minors!B9:LS9),-MAX(Minors!B9:LS9))*0+SMALL(Minors!B9:LS9,COUNTIF(Minors!B9:LS9,"<0")+E9+1) -> 20 | J9: =MAX(MAX(Minors!B9:LS9),-MIN(Minors!B9:LS9)) -> 1305723720
A10: 9 | B10: 1-2-4-7 | C10: =COUNTIF(Minors!B10:LS10,">0") -> 172 | D10: =COUNTIF(Minors!B10:LS10,"<0") -> 158 | E10: =COUNTIF(Minors!B10:LS10,0) -> 0 | F10: =C10+D10 -> 330 | G10: =MIN(C10,D10) -> 158 | H10: =IF(F10=0,"rank<4",IF(G10=0,"YES","no")) -> no | I10: =MIN(MIN(Minors!B10:LS10),-MAX(Minors!B10:LS10))*0+SMALL(Minors!B10:LS10,COUNTIF(Minors!B10:LS10,"<0")+E10+1) -> 1266 | J10: =MAX(MAX(Minors!B10:LS10),-MIN(Minors!B10:LS10)) -> 2343600688
A11: 10 | B11: 1-2-4-8 | C11: =COUNTIF(Minors!B11:LS11,">0") -> 153 | D11: =COUNTIF(Minors!B11:LS11,"<0") -> 177 | E11: =COUNTIF(Minors!B11:LS11,0) -> 0 | F11: =C11+D11 -> 330 | G11: =MIN(C11,D11) -> 153 | H11: =IF(F11=0,"rank<4",IF(G11=0,"YES","no")) -> no | I11: =MIN(MIN(Minors!B11:LS11),-MAX(Minors!B11:LS11))*0+SMALL(Minors!B11:LS11,COUNTIF(Minors!B11:LS11,"<0")+E11+1) -> 182 | J11: =MAX(MAX(Minors!B11:LS11),-MIN(Minors!B11:LS11)) -> 5593483074
A12: 11 | B12: 1-2-4-9 | C12: =COUNTIF(Minors!B12:LS12,">0") -> 147 | D12: =COUNTIF(Minors!B12:LS12,"<0") -> 183 | E12: =COUNTIF(Minors!B12:LS12,0) -> 0 | F12: =C12+D12 -> 330 | G12: =MIN(C12,D12) -> 147 | H12: =IF(F12=0,"rank<4",IF(G12=0,"YES","no")) -> no | I12: =MIN(MIN(Minors!B12:LS12),-MAX(Minors!B12:LS12))*0+SMALL(Minors!B12:LS12,COUNTIF(Minors!B12:LS12,"<0")+E12+1) -> 165 | J12: =MAX(MAX(Minors!B12:LS12),-MIN(Minors!B12:LS12)) -> 3173550624
A13: 12 | B13: 1-2-5-6 | C13: =COUNTIF(Minors!B13:LS13,">0") -> 176 | D13: =COUNTIF(Minors!B13:LS13,"<0") -> 154 | E13: =COUNTIF(Minors!B13:LS13,0) -> 0 | F13: =C13+D13 -> 330 | G13: =MIN(C13,D13) -> 154 | H13: =IF(F13=0,"rank<4",IF(G13=0,"YES","no")) -> no | I13: =MIN(MIN(Minors!B13:LS13),-MAX(Minors!B13:LS13))*0+SMALL(Minors!B13:LS13,COUNTIF(Minors!B13:LS13,"<0")+E13+1) -> 308 | J13: =MAX(MAX(Minors!B13:LS13),-MIN(Minors!B13:LS13)) -> 4619250542
... A127: 126 | B127: 6-7-8-9 | C127: =COUNTIF(Minors!B127:LS127,">0") -> 152 | D127: =COUNTIF(Minors!B127:LS127,"<0") -> 178 | E127: =COUNTIF(Minors!B127:LS127,0) -> 0 | F127: =C127+D127 -> 330 | G127: =MIN(C127,D127) -> 152 | H127: =IF(F127=0,"rank<4",IF(G127=0,"YES","no")) -> no | I127: =MIN(MIN(Minors!B127:LS127),-MAX(Minors!B127:LS127))*0+SMALL(Minors!B127:LS127,COUNTIF(Minors!B127:LS127,"<0")+E127+1) -> 650 | J127: =MAX(MAX(Minors!B127:LS127),-MIN(Minors!B127:LS127)) -> 6420364720
B129: Totals | C129: =SUM(C2:C127) -> 20720 | D129: =SUM(D2:D127) -> 20859 | E129: =SUM(E2:E127) -> 1
B130: Choices in Gr>=0 | C130: =COUNTIF(H2:H127,"YES") -> 0

Sheet Z_Grey
A1: Grey (62 cells, 114 names)
A2: Row \ D | B2: D1 | C2: D2 | D2: D3 | E2: D4 | F2: D5 | G2: D6 | H2: D7 | I2: D8 | J2: D9 | K2: D10 | L2: D11 | M2: Row total
A3: Row 1 (grid col 1) | B3: 839 | C3: 0 | D3: 0 | E3: 0 | F3: 0 | G3: 0 | H3: 217 | I3: 0 | J3: 271 | K3: 0 | L3: 0 | M3: =SUM(B3:L3) -> 1327
A4: Row 2 (grid col 2) | B4: 1321 | C4: 0 | D4: 0 | E4: 0 | F4: 191 | G4: 0 | H4: 0 | I4: 0 | J4: 0 | K4: 0 | L4: 0 | M4: =SUM(B4:L4) -> 1512
A5: Row 3 (grid col 3) | B5: 414 | C5: 0 | D5: 0 | E5: 0 | F5: 0 | G5: 0 | H5: 0 | I5: 0 | J5: 0 | K5: 0 | L5: 0 | M5: =SUM(B5:L5) -> 414
A6: Row 4 (grid col 4) | B6: 1002 | C6: 0 | D6: 0 | E6: 0 | F6: 0 | G6: 0 | H6: 211 | I6: 0 | J6: 0 | K6: 0 | L6: 0 | M6: =SUM(B6:L6) -> 1213
A7: Row 5 (grid col 5) | B7: 1132 | C7: 0 | D7: 0 | E7: 0 | F7: 0 | G7: 0 | H7: 0 | I7: 0 | J7: 0 | K7: 0 | L7: 0 | M7: =SUM(B7:L7) -> 1132
A8: Row 6 (grid col 6) | B8: 1239 | C8: 0 | D8: 0 | E8: 0 | F8: 186 | G8: 0 | H8: 0 | I8: 0 | J8: 0 | K8: 0 | L8: 0 | M8: =SUM(B8:L8) -> 1425
A9: Row 7 (grid col 7) | B9: 874 | C9: 0 | D9: 0 | E9: 0 | F9: 0 | G9: 0 | H9: 0 | I9: 0 | J9: 0 | K9: 0 | L9: 0 | M9: =SUM(B9:L9) -> 874
A10: Row 8 (grid col 8) | B10: 693 | C10: 0 | D10: 0 | E10: 0 | F10: 188 | G10: 0 | H10: 0 | I10: 0 | J10: 0 | K10: 0 | L10: 0 | M10: =SUM(B10:L10) -> 881
A11: Row 9 (grid col 9) | B11: 549 | C11: 0 | D11: 171 | E11: 0 | F11: 0 | G11: 0 | H11: 0 | I11: 0 | J11: 0 | K11: 0 | L11: 297 | M11: =SUM(B11:L11) -> 1017
A12: Column total | B12: =SUM(B3:B11) -> 8063 | C12: =SUM(C3:C11) -> 0 | D12: =SUM(D3:D11) -> 171 | E12: =SUM(E3:E11) -> 0 | F12: =SUM(F3:F11) -> 565 | G12: =SUM(G3:G11) -> 0 | H12: =SUM(H3:H11) -> 428 | I12: =SUM(I3:I11) -> 0 | ... M12: =SUM(M3:M11) -> 9795

Sheet Z_White
A1: White (99 static)
A2: Row \ D | B2: D1 | C2: D2 | D2: D3 | E2: D4 | F2: D5 | G2: D6 | H2: D7 | I2: D8 | J2: D9 | K2: D10 | L2: D11 | M2: Row total
A3: Row 1 (grid col 1) | B3: 329 | C3: 0 | D3: 60 | E3: 0 | F3: 144 | G3: 0 | H3: 191 | I3: 0 | J3: 0 | K3: 0 | L3: 56 | M3: =SUM(B3:L3) -> 780
A4: Row 2 (grid col 2) | B4: 235 | C4: 0 | D4: 61 | E4: 0 | F4: 65 | G4: 0 | H4: 151 | I4: 0 | J4: 56 | K4: 0 | L4: 56 | M4: =SUM(B4:L4) -> 624
A5: Row 3 (grid col 3) | B5: 624 | C5: 0 | D5: 85 | E5: 0 | F5: 99 | G5: 0 | H5: 300 | I5: 0 | J5: 66 | K5: 0 | L5: 79 | M5: =SUM(B5:L5) -> 1253
A6: Row 4 (grid col 4) | B6: 288 | C6: 0 | D6: 61 | E6: 0 | F6: 162 | G6: 0 | H6: 85 | I6: 0 | J6: 188 | K6: 0 | L6: 95 | M6: =SUM(B6:L6) -> 879
A7: Row 5 (grid col 5) | B7: 291 | C7: 0 | D7: 79 | E7: 0 | F7: 109 | G7: 0 | H7: 159 | I7: 0 | J7: 58 | K7: 0 | L7: 121 | M7: =SUM(B7:L7) -> 817
A8: Row 6 (grid col 6) | B8: 212 | C8: 0 | D8: 63 | E8: 0 | F8: 69 | G8: 0 | H8: 197 | I8: 0 | J8: 118 | K8: 0 | L8: 92 | M8: =SUM(B8:L8) -> 751
A9: Row 7 (grid col 7) | B9: 526 | C9: 0 | D9: 60 | E9: 0 | F9: 169 | G9: 0 | H9: 265 | I9: 0 | J9: 68 | K9: 0 | L9: 63 | M9: =SUM(B9:L9) -> 1151
A10: Row 8 (grid col 8) | B10: 268 | C10: 0 | D10: 78 | E10: 0 | F10: 100 | G10: 0 | H10: 256 | I10: 0 | J10: 94 | K10: 0 | L10: 105 | M10: =SUM(B10:L10) -> 901
A11: Row 9 (grid col 9) | B11: 389 | C11: 0 | D11: 0 | E11: 0 | F11: 157 | G11: 0 | H11: 44 | I11: 0 | J11: 94 | K11: 0 | L11: 0 | M11: =SUM(B11:L11) -> 684
A12: Column total | B12: =SUM(B3:B11) -> 3162 | C12: =SUM(C3:C11) -> 0 | D12: =SUM(D3:D11) -> 547 | E12: =SUM(E3:E11) -> 0 | F12: =SUM(F3:F11) -> 1074 | G12: =SUM(G3:G11) -> 0 | H12: =SUM(H3:H11) -> 1648 | I12: =SUM(I3:I11) -> 0 | ... M12: =SUM(M3:M11) -> 7840

Sheet Z_S3
A1: S3 (216 point)
A2: Row \ D | B2: D1 | C2: D2 | D2: D3 | E2: D4 | F2: D5 | G2: D6 | H2: D7 | I2: D8 | J2: D9 | K2: D10 | L2: D11 | M2: Row total
A3: Row 1 (grid col 1) | B3: 0 | C3: 0 | D3: 0 | E3: 0 | F3: 0 | G3: 0 | H3: 0 | I3: 0 | J3: 0 | K3: 0 | L3: 0 | M3: =SUM(B3:L3) -> 0
A4: Row 2 (grid col 2) | B4: 0 | C4: 0 | D4: 0 | E4: 0 | F4: 0 | G4: 0 | H4: 0 | I4: 0 | J4: 0 | K4: 0 | L4: 0 | M4: =SUM(B4:L4) -> 0
A5: Row 3 (grid col 3) | B5: 0 | C5: 0 | D5: 0 | E5: 0 | F5: 0 | G5: 0 | H5: 0 | I5: 0 | J5: 0 | K5: 0 | L5: 0 | M5: =SUM(B5:L5) -> 0
A6: Row 4 (grid col 4) | B6: 0 | C6: 0 | D6: 0 | E6: 0 | F6: 0 | G6: 0 | H6: 0 | I6: 0 | J6: 0 | K6: 0 | L6: 0 | M6: =SUM(B6:L6) -> 0
A7: Row 5 (grid col 5) | B7: 0 | C7: 0 | D7: 0 | E7: 0 | F7: 0 | G7: 0 | H7: 0 | I7: 0 | J7: 0 | K7: 0 | L7: 0 | M7: =SUM(B7:L7) -> 0
A8: Row 6 (grid col 6) | B8: 0 | C8: 0 | D8: 0 | E8: 0 | F8: 0 | G8: 0 | H8: 0 | I8: 0 | J8: 0 | K8: 0 | L8: 0 | M8: =SUM(B8:L8) -> 0
A9: Row 7 (grid col 7) | B9: 0 | C9: 0 | D9: 0 | E9: 0 | F9: 0 | G9: 0 | H9: 0 | I9: 0 | J9: 0 | K9: 0 | L9: 0 | M9: =SUM(B9:L9) -> 0
A10: Row 8 (grid col 8) | B10: 0 | C10: 0 | D10: 0 | E10: 0 | F10: 0 | G10: 0 | H10: 0 | I10: 0 | J10: 0 | K10: 0 | L10: 0 | M10: =SUM(B10:L10) -> 0
A11: Row 9 (grid col 9) | B11: 0 | C11: 0 | D11: 0 | E11: 0 | F11: 0 | G11: 0 | H11: 216 | I11: 0 | J11: 0 | K11: 0 | L11: 0 | M11: =SUM(B11:L11) -> 216
A12: Column total | B12: =SUM(B3:B11) -> 0 | C12: =SUM(C3:C11) -> 0 | D12: =SUM(D3:D11) -> 0 | E12: =SUM(E3:E11) -> 0 | F12: =SUM(F3:F11) -> 0 | G12: =SUM(G3:G11) -> 0 | H12: =SUM(H3:H11) -> 216 | I12: =SUM(I3:I11) -> 0 | ... M12: =SUM(M3:M11) -> 216

Sheet Z_Blue
A1: Blue (99 dynamic)
A2: Row \ D | B2: D1 | C2: D2 | D2: D3 | E2: D4 | F2: D5 | G2: D6 | H2: D7 | I2: D8 | J2: D9 | K2: D10 | L2: D11 | M2: Row total
A3: Row 1 (grid col 1) | B3: 0 | C3: 164 | D3: 0 | E3: 63 | F3: 0 | G3: 65 | H3: 0 | I3: 439 | J3: 0 | K3: 121 | L3: 0 | M3: =SUM(B3:L3) -> 852
A4: Row 2 (grid col 2) | B4: 0 | C4: 165 | D4: 0 | E4: 63 | F4: 0 | G4: 66 | H4: 0 | I4: 446 | J4: 0 | K4: 123 | L4: 0 | M4: =SUM(B4:L4) -> 863
A5: Row 3 (grid col 3) | B5: 0 | C5: 166 | D5: 0 | E5: 63 | F5: 0 | G5: 66 | H5: 0 | I5: 451 | J5: 0 | K5: 134 | L5: 0 | M5: =SUM(B5:L5) -> 880
A6: Row 4 (grid col 4) | B6: 0 | C6: 170 | D6: 0 | E6: 64 | F6: 0 | G6: 66 | H6: 0 | I6: 454 | J6: 0 | K6: 171 | L6: 0 | M6: =SUM(B6:L6) -> 925
A7: Row 5 (grid col 5) | B7: 0 | C7: 171 | D7: 0 | E7: 64 | F7: 0 | G7: 67 | H7: 0 | I7: 459 | J7: 0 | K7: 186 | L7: 0 | M7: =SUM(B7:L7) -> 947
A8: Row 6 (grid col 6) | B8: 0 | C8: 173 | D8: 0 | E8: 65 | F8: 0 | G8: 68 | H8: 0 | I8: 460 | J8: 0 | K8: 188 | L8: 0 | M8: =SUM(B8:L8) -> 954
A9: Row 7 (grid col 7) | B9: 0 | C9: 174 | D9: 0 | E9: 65 | F9: 0 | G9: 68 | H9: 0 | I9: 465 | J9: 0 | K9: 211 | L9: 0 | M9: =SUM(B9:L9) -> 983
A10: Row 8 (grid col 8) | B10: 0 | C10: 178 | D10: 0 | E10: 65 | F10: 0 | G10: 69 | H10: 0 | I10: 478 | J10: 0 | K10: 271 | L10: 0 | M10: =SUM(B10:L10) -> 1061
A11: Row 9 (grid col 9) | B11: 0 | C11: 181 | D11: 0 | E11: 65 | F11: 0 | G11: 69 | H11: 0 | I11: 483 | J11: 0 | K11: 297 | L11: 0 | M11: =SUM(B11:L11) -> 1095
A12: Column total | B12: =SUM(B3:B11) -> 0 | C12: =SUM(C3:C11) -> 1542 | D12: =SUM(D3:D11) -> 0 | E12: =SUM(E3:E11) -> 577 | F12: =SUM(F3:F11) -> 0 | G12: =SUM(G3:G11) -> 604 | H12: =SUM(H3:H11) -> 0 | I12: =SUM(I3:I11) -> 4135 | ... M12: =SUM(M3:M11) -> 8560

Sheet Total
A1: Total 9x11 matrix = Grey + White + S3 + Blue (formulas)
A2: Row \ D | B2: D1 | C2: D2 | D2: D3 | E2: D4 | F2: D5 | G2: D6 | H2: D7 | I2: D8 | J2: D9 | K2: D10 | L2: D11 | M2: Row total
A3: Row 1 (grid col 1) | B3: =Z_Grey!B3+Z_White!B3+Z_S3!B3+Z_Blue!B3 -> 1168 | C3: =Z_Grey!C3+Z_White!C3+Z_S3!C3+Z_Blue!C3 -> 164 | D3: =Z_Grey!D3+Z_White!D3+Z_S3!D3+Z_Blue!D3 -> 60 | E3: =Z_Grey!E3+Z_White!E3+Z_S3!E3+Z_Blue!E3 -> 63 | F3: =Z_Grey!F3+Z_White!F3+Z_S3!F3+Z_Blue!F3 -> 144 | G3: =Z_Grey!G3+Z_White!G3+Z_S3!G3+Z_Blue!G3 -> 65 | H3: =Z_Grey!H3+Z_White!H3+Z_S3!H3+Z_Blue!H3 -> 408 | I3: =Z_Grey!I3+Z_White!I3+Z_S3!I3+Z_Blue!I3 -> 439 | ... L3: =Z_Grey!L3+Z_White!L3+Z_S3!L3+Z_Blue!L3 -> 56 | M3: =SUM(B3:L3) -> 2959
A4: Row 2 (grid col 2) | B4: =Z_Grey!B4+Z_White!B4+Z_S3!B4+Z_Blue!B4 -> 1556 | C4: =Z_Grey!C4+Z_White!C4+Z_S3!C4+Z_Blue!C4 -> 165 | D4: =Z_Grey!D4+Z_White!D4+Z_S3!D4+Z_Blue!D4 -> 61 | E4: =Z_Grey!E4+Z_White!E4+Z_S3!E4+Z_Blue!E4 -> 63 | F4: =Z_Grey!F4+Z_White!F4+Z_S3!F4+Z_Blue!F4 -> 256 | G4: =Z_Grey!G4+Z_White!G4+Z_S3!G4+Z_Blue!G4 -> 66 | H4: =Z_Grey!H4+Z_White!H4+Z_S3!H4+Z_Blue!H4 -> 151 | I4: =Z_Grey!I4+Z_White!I4+Z_S3!I4+Z_Blue!I4 -> 446 | ... L4: =Z_Grey!L4+Z_White!L4+Z_S3!L4+Z_Blue!L4 -> 56 | M4: =SUM(B4:L4) -> 2999
A5: Row 3 (grid col 3) | B5: =Z_Grey!B5+Z_White!B5+Z_S3!B5+Z_Blue!B5 -> 1038 | C5: =Z_Grey!C5+Z_White!C5+Z_S3!C5+Z_Blue!C5 -> 166 | D5: =Z_Grey!D5+Z_White!D5+Z_S3!D5+Z_Blue!D5 -> 85 | E5: =Z_Grey!E5+Z_White!E5+Z_S3!E5+Z_Blue!E5 -> 63 | F5: =Z_Grey!F5+Z_White!F5+Z_S3!F5+Z_Blue!F5 -> 99 | G5: =Z_Grey!G5+Z_White!G5+Z_S3!G5+Z_Blue!G5 -> 66 | H5: =Z_Grey!H5+Z_White!H5+Z_S3!H5+Z_Blue!H5 -> 300 | I5: =Z_Grey!I5+Z_White!I5+Z_S3!I5+Z_Blue!I5 -> 451 | ... L5: =Z_Grey!L5+Z_White!L5+Z_S3!L5+Z_Blue!L5 -> 79 | M5: =SUM(B5:L5) -> 2547
A6: Row 4 (grid col 4) | B6: =Z_Grey!B6+Z_White!B6+Z_S3!B6+Z_Blue!B6 -> 1290 | C6: =Z_Grey!C6+Z_White!C6+Z_S3!C6+Z_Blue!C6 -> 170 | D6: =Z_Grey!D6+Z_White!D6+Z_S3!D6+Z_Blue!D6 -> 61 | E6: =Z_Grey!E6+Z_White!E6+Z_S3!E6+Z_Blue!E6 -> 64 | F6: =Z_Grey!F6+Z_White!F6+Z_S3!F6+Z_Blue!F6 -> 162 | G6: =Z_Grey!G6+Z_White!G6+Z_S3!G6+Z_Blue!G6 -> 66 | H6: =Z_Grey!H6+Z_White!H6+Z_S3!H6+Z_Blue!H6 -> 296 | I6: =Z_Grey!I6+Z_White!I6+Z_S3!I6+Z_Blue!I6 -> 454 | ... L6: =Z_Grey!L6+Z_White!L6+Z_S3!L6+Z_Blue!L6 -> 95 | M6: =SUM(B6:L6) -> 3017
A7: Row 5 (grid col 5) | B7: =Z_Grey!B7+Z_White!B7+Z_S3!B7+Z_Blue!B7 -> 1423 | C7: =Z_Grey!C7+Z_White!C7+Z_S3!C7+Z_Blue!C7 -> 171 | D7: =Z_Grey!D7+Z_White!D7+Z_S3!D7+Z_Blue!D7 -> 79 | E7: =Z_Grey!E7+Z_White!E7+Z_S3!E7+Z_Blue!E7 -> 64 | F7: =Z_Grey!F7+Z_White!F7+Z_S3!F7+Z_Blue!F7 -> 109 | G7: =Z_Grey!G7+Z_White!G7+Z_S3!G7+Z_Blue!G7 -> 67 | H7: =Z_Grey!H7+Z_White!H7+Z_S3!H7+Z_Blue!H7 -> 159 | I7: =Z_Grey!I7+Z_White!I7+Z_S3!I7+Z_Blue!I7 -> 459 | ... L7: =Z_Grey!L7+Z_White!L7+Z_S3!L7+Z_Blue!L7 -> 121 | M7: =SUM(B7:L7) -> 2896
A8: Row 6 (grid col 6) | B8: =Z_Grey!B8+Z_White!B8+Z_S3!B8+Z_Blue!B8 -> 1451 | C8: =Z_Grey!C8+Z_White!C8+Z_S3!C8+Z_Blue!C8 -> 173 | D8: =Z_Grey!D8+Z_White!D8+Z_S3!D8+Z_Blue!D8 -> 63 | E8: =Z_Grey!E8+Z_White!E8+Z_S3!E8+Z_Blue!E8 -> 65 | F8: =Z_Grey!F8+Z_White!F8+Z_S3!F8+Z_Blue!F8 -> 255 | G8: =Z_Grey!G8+Z_White!G8+Z_S3!G8+Z_Blue!G8 -> 68 | H8: =Z_Grey!H8+Z_White!H8+Z_S3!H8+Z_Blue!H8 -> 197 | I8: =Z_Grey!I8+Z_White!I8+Z_S3!I8+Z_Blue!I8 -> 460 | ... L8: =Z_Grey!L8+Z_White!L8+Z_S3!L8+Z_Blue!L8 -> 92 | M8: =SUM(B8:L8) -> 3130
A9: Row 7 (grid col 7) | B9: =Z_Grey!B9+Z_White!B9+Z_S3!B9+Z_Blue!B9 -> 1400 | C9: =Z_Grey!C9+Z_White!C9+Z_S3!C9+Z_Blue!C9 -> 174 | D9: =Z_Grey!D9+Z_White!D9+Z_S3!D9+Z_Blue!D9 -> 60 | E9: =Z_Grey!E9+Z_White!E9+Z_S3!E9+Z_Blue!E9 -> 65 | F9: =Z_Grey!F9+Z_White!F9+Z_S3!F9+Z_Blue!F9 -> 169 | G9: =Z_Grey!G9+Z_White!G9+Z_S3!G9+Z_Blue!G9 -> 68 | H9: =Z_Grey!H9+Z_White!H9+Z_S3!H9+Z_Blue!H9 -> 265 | I9: =Z_Grey!I9+Z_White!I9+Z_S3!I9+Z_Blue!I9 -> 465 | ... L9: =Z_Grey!L9+Z_White!L9+Z_S3!L9+Z_Blue!L9 -> 63 | M9: =SUM(B9:L9) -> 3008
A10: Row 8 (grid col 8) | B10: =Z_Grey!B10+Z_White!B10+Z_S3!B10+Z_Blue!B10 -> 961 | C10: =Z_Grey!C10+Z_White!C10+Z_S3!C10+Z_Blue!C10 -> 178 | D10: =Z_Grey!D10+Z_White!D10+Z_S3!D10+Z_Blue!D10 -> 78 | E10: =Z_Grey!E10+Z_White!E10+Z_S3!E10+Z_Blue!E10 -> 65 | F10: =Z_Grey!F10+Z_White!F10+Z_S3!F10+Z_Blue!F10 -> 288 | G10: =Z_Grey!G10+Z_White!G10+Z_S3!G10+Z_Blue!G10 -> 69 | H10: =Z_Grey!H10+Z_White!H10+Z_S3!H10+Z_Blue!H10 -> 256 | I10: =Z_Grey!I10+Z_White!I10+Z_S3!I10+Z_Blue!I10 -> 478 | ... L10: =Z_Grey!L10+Z_White!L10+Z_S3!L10+Z_Blue!L10 -> 105 | M10: =SUM(B10:L10) -> 2843
A11: Row 9 (grid col 9) | B11: =Z_Grey!B11+Z_White!B11+Z_S3!B11+Z_Blue!B11 -> 938 | C11: =Z_Grey!C11+Z_White!C11+Z_S3!C11+Z_Blue!C11 -> 181 | D11: =Z_Grey!D11+Z_White!D11+Z_S3!D11+Z_Blue!D11 -> 171 | E11: =Z_Grey!E11+Z_White!E11+Z_S3!E11+Z_Blue!E11 -> 65 | F11: =Z_Grey!F11+Z_White!F11+Z_S3!F11+Z_Blue!F11 -> 157 | G11: =Z_Grey!G11+Z_White!G11+Z_S3!G11+Z_Blue!G11 -> 69 | H11: =Z_Grey!H11+Z_White!H11+Z_S3!H11+Z_Blue!H11 -> 260 | I11: =Z_Grey!I11+Z_White!I11+Z_S3!I11+Z_Blue!I11 -> 483 | ... L11: =Z_Grey!L11+Z_White!L11+Z_S3!L11+Z_Blue!L11 -> 297 | M11: =SUM(B11:L11) -> 3012
A12: Column total | B12: =SUM(B3:B11) -> 11225 | C12: =SUM(C3:C11) -> 1542 | D12: =SUM(D3:D11) -> 718 | E12: =SUM(E3:E11) -> 577 | F12: =SUM(F3:F11) -> 1639 | G12: =SUM(G3:G11) -> 604 | H12: =SUM(H3:H11) -> 2292 | I12: =SUM(I3:I11) -> 4135 | ... M12: =SUM(M3:M11) -> 26411

Sheet Minors
A1: Choice of 4 rows \ columns D | B1: D1-D2-D3-D4 | C1: D1-D2-D3-D5 | D1: D1-D2-D3-D6 | E1: D1-D2-D3-D7 | F1: D1-D2-D3-D8 | G1: D1-D2-D3-D9 | H1: D1-D2-D3-D10 | I1: D1-D2-D3-D11 | J1: D1-D2-D4-D5 | K1: D1-D2-D4-D6 | L1: D1-D2-D4-D7 | M1: D1-D2-D4-D8 | N1: D1-D2-D4-D9 | O1: D1-D2-D4-D10 | P1: D1-D2-D4-D11 | Q1: D1-D2-D5-D6 | R1: D1-D2-D5-D7 | S1: D1-D2-D5-D8 | T1: D1-D2-D5-D9 | U1: D1-D2-D5-D10 | V1: D1-D2-D5-D11 | W1: D1-D2-D6-D7 | X1: D1-D2-D6-D8 | Y1: D1-D2-D6-D9 | Z1: D1-D2-D6-D10 | AA1: D1-D2-D6-D11 | AB1: D1-D2-D7-D8 | AC1: D1-D2-D7-D9 | AD1: D1-D2-D7-D10 | AE1: D1-D2-D7-D11 | AF1: D1-D2-D8-D9 | AG1: D1-D2-D8-D10 | AH1: D1-D2-D8-D11 | AI1: D1-D2-D9-D10 | AJ1: D1-D2-D9-D11 | AK1: D1-D2-D10-D11 | AL1: D1-D3-D4-D5 | AM1: D1-D3-D4-D6 | AN1: D1-D3-D4-D7 | AO1: D1-D3-D4-D8 | AP1: D1-D3-D4-D9 | AQ1: D1-D3-D4-D10 | AR1: D1-D3-D4-D11 | AS1: D1-D3-D5-D6 | AT1: D1-D3-D5-D7 | AU1: D1-D3-D5-D8 | AV1: D1-D3-D5-D9 | AW1: D1-D3-D5-D10 | AX1: D1-D3-D5-D11 | AY1: D1-D3-D6-D7 | AZ1: D1-D3-D6-D8 | BA1: D1-D3-D6-D9 | BB1: D1-D3-D6-D10 | BC1: D1-D3-D6-D11 | BD1: D1-D3-D7-D8 | BE1: D1-D3-D7-D9 | BF1: D1-D3-D7-D10 | BG1: D1-D3-D7-D11 | BH1: D1-D3-D8-D9 | BI1: D1-D3-D8-D10 | BJ1: D1-D3-D8-D11 | BK1: D1-D3-D9-D10 | BL1: D1-D3-D9-D11 | BM1: D1-D3-D10-D11 | BN1: D1-D4-D5-D6 | BO1: D1-D4-D5-D7 | BP1: D1-D4-D5-D8 | BQ1: D1-D4-D5-D9 | BR1: D1-D4-D5-D10 | BS1: D1-D4-D5-D11 | BT1: D1-D4-D6-D7 | BU1: D1-D4-D6-D8 | BV1: D1-D4-D6-D9 | BW1: D1-D4-D6-D10 | BX1: D1-D4-D6-D11 | BY1: D1-D4-D7-D8 | BZ1: D1-D4-D7-D9 | CA1: D1-D4-D7-D10 | CB1: D1-D4-D7-D11 | CC1: D1-D4-D8-D9 | CD1: D1-D4-D8-D10 | CE1: D1-D4-D8-D11 | CF1: D1-D4-D9-D10 | CG1: D1-D4-D9-D11 | CH1: D1-D4-D10-D11 | CI1: D1-D5-D6-D7 | CJ1: D1-D5-D6-D8 | CK1: D1-D5-D6-D9 | CL1: D1-D5-D6-D10 | CM1: D1-D5-D6-D11 | CN1: D1-D5-D7-D8 | CO1: D1-D5-D7-D9 | CP1: D1-D5-D7-D10 | CQ1: D1-D5-D7-D11 | CR1: D1-D5-D8-D9 | CS1: D1-D5-D8-D10 | CT1: D1-D5-D8-D11 | CU1: D1-D5-D9-D10 | CV1: D1-D5-D9-D11 | CW1: D1-D5-D10-D11 | CX1: D1-D6-D7-D8 | CY1: D1-D6-D7-D9 | CZ1: D1-D6-D7-D10 | DA1: D1-D6-D7-D11 | DB1: D1-D6-D8-D9 | DC1: D1-D6-D8-D10 | DD1: D1-D6-D8-D11 | DE1: D1-D6-D9-D10 | DF1: D1-D6-D9-D11 | DG1: D1-D6-D10-D11 | DH1: D1-D7-D8-D9 | DI1: D1-D7-D8-D10 | DJ1: D1-D7-D8-D11 | DK1: D1-D7-D9-D10 | DL1: D1-D7-D9-D11 | DM1: D1-D7-D10-D11 | DN1: D1-D8-D9-D10 | DO1: D1-D8-D9-D11 | DP1: D1-D8-D10-D11 | DQ1: D1-D9-D10-D11 | DR1: D2-D3-D4-D5 | DS1: D2-D3-D4-D6 | DT1: D2-D3-D4-D7 | DU1: D2-D3-D4-D8 | DV1: D2-D3-D4-D9 | DW1: D2-D3-D4-D10 | DX1: D2-D3-D4-D11 | DY1: D2-D3-D5-D6 | DZ1: D2-D3-D5-D7 | EA1: D2-D3-D5-D8 | EB1: D2-D3-D5-D9 | EC1: D2-D3-D5-D10 | ED1: D2-D3-D5-D11 | EE1: D2-D3-D6-D7 | EF1: D2-D3-D6-D8 | EG1: D2-D3-D6-D9 | EH1: D2-D3-D6-D10 | EI1: D2-D3-D6-D11 | EJ1: D2-D3-D7-D8 | EK1: D2-D3-D7-D9 | EL1: D2-D3-D7-D10 | EM1: D2-D3-D7-D11 | EN1: D2-D3-D8-D9 | EO1: D2-D3-D8-D10 | EP1: D2-D3-D8-D11 | EQ1: D2-D3-D9-D10 | ER1: D2-D3-D9-D11 | ES1: D2-D3-D10-D11 | ET1: D2-D4-D5-D6 | EU1: D2-D4-D5-D7 | EV1: D2-D4-D5-D8 | EW1: D2-D4-D5-D9 | EX1: D2-D4-D5-D10 | EY1: D2-D4-D5-D11 | EZ1: D2-D4-D6-D7 | FA1: D2-D4-D6-D8 | FB1: D2-D4-D6-D9 | FC1: D2-D4-D6-D10 | FD1: D2-D4-D6-D11 | FE1: D2-D4-D7-D8 | FF1: D2-D4-D7-D9 | FG1: D2-D4-D7-D10 | FH1: D2-D4-D7-D11 | FI1: D2-D4-D8-D9 | FJ1: D2-D4-D8-D10 | FK1: D2-D4-D8-D11 | FL1: D2-D4-D9-D10 | FM1: D2-D4-D9-D11 | FN1: D2-D4-D10-D11 | FO1: D2-D5-D6-D7 | FP1: D2-D5-D6-D8 | FQ1: D2-D5-D6-D9 | FR1: D2-D5-D6-D10 | FS1: D2-D5-D6-D11 | FT1: D2-D5-D7-D8 | FU1: D2-D5-D7-D9 | FV1: D2-D5-D7-D10 | FW1: D2-D5-D7-D11 | FX1: D2-D5-D8-D9 | FY1: D2-D5-D8-D10 | FZ1: D2-D5-D8-D11 | GA1: D2-D5-D9-D10 | GB1: D2-D5-D9-D11 | GC1: D2-D5-D10-D11 | GD1: D2-D6-D7-D8 | GE1: D2-D6-D7-D9 | GF1: D2-D6-D7-D10 | GG1: D2-D6-D7-D11 | GH1: D2-D6-D8-D9 | GI1: D2-D6-D8-D10 | GJ1: D2-D6-D8-D11 | GK1: D2-D6-D9-D10 | GL1: D2-D6-D9-D11 | GM1: D2-D6-D10-D11 | GN1: D2-D7-D8-D9 | GO1: D2-D7-D8-D10 | GP1: D2-D7-D8-D11 | GQ1: D2-D7-D9-D10 | GR1: D2-D7-D9-D11 | GS1: D2-D7-D10-D11 | GT1: D2-D8-D9-D10 | GU1: D2-D8-D9-D11 | GV1: D2-D8-D10-D11 | GW1: D2-D9-D10-D11 | GX1: D3-D4-D5-D6 | GY1: D3-D4-D5-D7 | GZ1: D3-D4-D5-D8 | HA1: D3-D4-D5-D9 | HB1: D3-D4-D5-D10 | HC1: D3-D4-D5-D11 | HD1: D3-D4-D6-D7 | HE1: D3-D4-D6-D8 | HF1: D3-D4-D6-D9 | HG1: D3-D4-D6-D10 | HH1: D3-D4-D6-D11 | HI1: D3-D4-D7-D8 | HJ1: D3-D4-D7-D9 | HK1: D3-D4-D7-D10 | HL1: D3-D4-D7-D11 | HM1: D3-D4-D8-D9 | HN1: D3-D4-D8-D10 | HO1: D3-D4-D8-D11 | HP1: D3-D4-D9-D10 | HQ1: D3-D4-D9-D11 | HR1: D3-D4-D10-D11 | HS1: D3-D5-D6-D7 | HT1: D3-D5-D6-D8 | HU1: D3-D5-D6-D9 | HV1: D3-D5-D6-D10 | HW1: D3-D5-D6-D11 | HX1: D3-D5-D7-D8 | HY1: D3-D5-D7-D9 | HZ1: D3-D5-D7-D10 | IA1: D3-D5-D7-D11 | IB1: D3-D5-D8-D9 | IC1: D3-D5-D8-D10 | ID1: D3-D5-D8-D11 | IE1: D3-D5-D9-D10 | IF1: D3-D5-D9-D11 | IG1: D3-D5-D10-D11 | IH1: D3-D6-D7-D8 | II1: D3-D6-D7-D9 | IJ1: D3-D6-D7-D10 | IK1: D3-D6-D7-D11 | IL1: D3-D6-D8-D9 | IM1: D3-D6-D8-D10 | IN1: D3-D6-D8-D11 | IO1: D3-D6-D9-D10 | IP1: D3-D6-D9-D11 | IQ1: D3-D6-D10-D11 | IR1: D3-D7-D8-D9 | IS1: D3-D7-D8-D10 | IT1: D3-D7-D8-D11 | IU1: D3-D7-D9-D10 | IV1: D3-D7-D9-D11 | IW1: D3-D7-D10-D11 | IX1: D3-D8-D9-D10 | IY1: D3-D8-D9-D11 | IZ1: D3-D8-D10-D11 | JA1: D3-D9-D10-D11 | JB1: D4-D5-D6-D7 | JC1: D4-D5-D6-D8 | JD1: D4-D5-D6-D9 | JE1: D4-D5-D6-D10 | JF1: D4-D5-D6-D11 | JG1: D4-D5-D7-D8 | JH1: D4-D5-D7-D9 | JI1: D4-D5-D7-D10 | JJ1: D4-D5-D7-D11 | JK1: D4-D5-D8-D9 | JL1: D4-D5-D8-D10 | JM1: D4-D5-D8-D11 | JN1: D4-D5-D9-D10 | JO1: D4-D5-D9-D11 | JP1: D4-D5-D10-D11 | JQ1: D4-D6-D7-D8 | JR1: D4-D6-D7-D9 | JS1: D4-D6-D7-D10 | JT1: D4-D6-D7-D11 | JU1: D4-D6-D8-D9 | JV1: D4-D6-D8-D10 | JW1: D4-D6-D8-D11 | JX1: D4-D6-D9-D10 | JY1: D4-D6-D9-D11 | JZ1: D4-D6-D10-D11 | KA1: D4-D7-D8-D9 | KB1: D4-D7-D8-D10 | KC1: D4-D7-D8-D11 | KD1: D4-D7-D9-D10 | KE1: D4-D7-D9-D11 | KF1: D4-D7-D10-D11 | KG1: D4-D8-D9-D10 | KH1: D4-D8-D9-D11 | KI1: D4-D8-D10-D11 | KJ1: D4-D9-D10-D11 | KK1: D5-D6-D7-D8 | KL1: D5-D6-D7-D9 | KM1: D5-D6-D7-D10 | KN1: D5-D6-D7-D11 | KO1: D5-D6-D8-D9 | KP1: D5-D6-D8-D10 | KQ1: D5-D6-D8-D11 | KR1: D5-D6-D9-D10 | KS1: D5-D6-D9-D11 | KT1: D5-D6-D10-D11 | KU1: D5-D7-D8-D9 | KV1: D5-D7-D8-D10 | KW1: D5-D7-D8-D11 | KX1: D5-D7-D9-D10 | KY1: D5-D7-D9-D11 | KZ1: D5-D7-D10-D11 | LA1: D5-D8-D9-D10 | LB1: D5-D8-D9-D11 | LC1: D5-D8-D10-D11 | LD1: D5-D9-D10-D11 | LE1: D6-D7-D8-D9 | LF1: D6-D7-D8-D10 | LG1: D6-D7-D8-D11 | LH1: D6-D7-D9-D10 | LI1: D6-D7-D9-D11 | LJ1: D6-D7-D10-D11 | LK1: D6-D8-D9-D10 | LL1: D6-D8-D9-D11 | LM1: D6-D8-D10-D11 | LN1: D6-D9-D10-D11 | LO1: D7-D8-D9-D10 | LP1: D7-D8-D9-D11 | LQ1: D7-D8-D10-D11 | LR1: D7-D9-D10-D11 | LS1: D8-D9-D10-D11
A2: 1-2-3-4 | B2: 1950988 | C2: 16300976 | D2: 2265844 | E2: 129147952 | F2: 2314972 | G2: 97284236 | H2: -70360588 | I2: -58516544 | J2: -235802 | K2: -119182 | L2: 12001120 | M2: -745724 | N2: 19486410 | O2: 1667880 | P2: 415484 | Q2: -721938 | R2: 115881448 | S2: -5950910 | T2: 174571714 | U2: 5431558 | V2: -3601008 | W2: 21827288 | X2: -724654 | Y2: 28574084 | Z2: -2361142 | AA2: -3092124 | AB2: -63604176 | AC2: 691501000 | AD2: 543216640 | AE2: 387456496 | AF2: 60306718 | AG2: -24914804 | AH2: -21873716 | AI2: 785926770 | AJ2: 605179228 | AK2: 35041156 | AL2: -8803310 | AM2: -177646 | AN2: -31970972 | AO2: 3894848 | AP2: -20044470 | AQ2: 29517992 | AR2: 23724972 | AS2: 8739738 | AT2: 315620296 | AU2: 42988086 | AV2: 271492630 | AW2: -70853326 | AX2: -65812336 | AY2: -25371052 | AZ2: 4734198 | BA2: -14421148 | BB2: 27875050 | BC2: 22225588 | BD2: 295759660 | BE2: 267336004 | BF2: 800974596 | BG2: 611587952 | BH2: -217997086 | BI2: 175489096 | BJ2: 144970492 | BK2: 749002354 | BL2: 581824524 | BM2: 29722324 | BN2: -516306 | BO2: 58015938 | BP2: -3835622 | BQ2: 90349830 | BR2: 3958232 | BS2: -992708 | BT2: 3045798 | BU2: -305830 | BV2: 2998800 | BW2: -1651328 | BX2: -1411480 | BY2: 11738164 | BZ2: 196025490 | CA2: 208905800 | CB2: 152748076 | CC2: -31240050 | CD2: -14612296 | CE2: -9897820 | CF2: 311960640 | CG2: 241233000 | CH2: 13996064 | CI2: -76107822 | CJ2: 1286712 | CK2: -105620172 | CL2: 225834 | CM2: 4845372 | CN2: 420818338 | CO2: -1450061454 | CP2: -608852866 | CQ2: -398128160 | CR2: -559483804 | CS2: 11542222 | CT2: 33522148 | CU2: -849250654 | CV2: -644827964 | CW2: -37580996 | CX2: 37491314 | CY2: 181027476 | CZ2: 242087314 | DA2: 179480084 | DB2: -55089860 | DC2: -3981586 | DD2: -647500 | DE2: 336498736 | DF2: 260602160 | DG2: 14879816 | DH2: -1715255902 | DI2: -1638484348 | DJ2: -1188509356 | DK2: 3164226470 | DL2: 2472610708 | DM2: 169433132 | DN2: 2225433722 | DO2: 1716775940 | DP2: 97922244 | DQ2: 41022088 | DR2: -585253 | DS2: -5179 | DT2: 1178948 | DU2: -23238 | DV2: 979205 | DW2: 61722 | DX2: 60076 | DY2: 636431 | DZ2: 48591908 | EA2: 500281 | EB2: 37364601 | EC2: -20590909 | ED2: -17051712 | EE2: 1712040 | EF2: -20843 | EG2: 1395478 | EH2: -115093 | EI2: -85564 | EJ2: -2937164 | EK2: 6032464 | EL2: 46603436 | EM2: 39337328 | EN2: 2320631 | EO2: -764820 | EP2: -625700 | EQ2: 38391839 | ER2: 32365212 | ES2: -315340 | ET2: -35126 | EU2: 3457578 | EV2: -220892 | EW2: 5727140 | EX2: 492867 | EY2: 117375 | EZ2: -40162 | FA2: -560 | FB2: -8090 | FC2: 657 | FD2: -2567 | FE2: 307684 | FF2: -5751910 | FG2: -628200 | FH2: 118476 | FI2: -142180 | FJ2: -3726 | FK2: -18014 | FL2: -220635 | FM2: 391505 | FN2: 38214 | FO2: -6676342 | FP2: 210182 | FQ2: -8470522 | FR2: 699869 | FS2: 895779 | FT2: 21295618 | FU2: -254764414 | FV2: -162569046 | FW2: -110484012 | FX2: -18998144 | FY2: 7350317 | FZ2: 6335493 | GA2: -232963859 | GB2: -174357435 | GC2: -10230393 | GD2: 346754 | GE2: -8147284 | GF2: 675334 | GG2: 1512112 | GH2: -183450 | GI2: 15089 | GJ2: -1079 | GK2: 2756 | GL2: 825334 | GM2: -67901 | GN2: 12755618 | GO2: -10597588 | GP2: -10561492 | GQ2: 224156770 | GR2: 192527128 | GS2: 25644132 | GT2: 5051587 | GU2: 5627243 | GV2: -492560 | GW2: 22642343 | GX2: -29921 | GY2: -14910267 | GZ2: 1273223 | HA2: -10431295 | HB2: 8576237 | HC2: 6845887 | HD2: -192217 | HE2: 12455 | HF2: -142370 | HG2: 72737 | HH2: 57509 | HI2: -1972786 | HJ2: -3933775 | HK2: -18848650 | HL2: -15321056 | HM2: 1716085 | HN2: 474804 | HO2: 402518 | HP2: -15449275 | HQ2: -12524835 | HR2: 158366 | HS2: 13729853 | HT2: -1410138 | HU2: 9433208 | HV2: -8273486 | HW2: -6572765 | HX2: -118457587 | HY2: -85842619 | HZ2: -187474081 | IA2: -133974764 | IB2: 90203806 | IC2: -52126768 | ID2: -42948091 | IE2: -180533594 | IF2: -133143099 | IG2: -9015737 | IH2: -3343711 | II2: -4728994 | IJ2: -19773281 | IK2: -15835268 | IL2: 2783020 | IM2: 15944 | IN2: 25673 | IO2: -16435044 | IP2: -13143618 | IQ2: 76311 | IR2: 19894773 | IS2: 124942052 | IT2: 103994904 | IU2: 59055725 | IV2: 52861092 | IW2: 23276408 | IX2: -103896248 | IY2: -86403741 | IZ2: 463420 | JA2: 19574667 | JB2: -1071660 | JC2: 87710 | JD2: -918870 | JE2: 489535 | JF2: 404879 | JG2: -1894410 | JH2: -84281790 | JI2: -63223575 | JJ2: -43434687 | JK2: 8522360 | JL2: 4309165 | JM2: 2839193 | JN2: -92709565 | JO2: -69084185 | JP2: -4045218 | JQ2: 117370 | JR2: -803790 | JS2: 539675 | JT2: 541243 | JU2: -34850 | JV2: 9445 | JW2: 45 | JX2: 95560 | JY2: 160400 | JZ2: -43348 | KA2: -10651570 | KB2: -5970350 | KC2: -3800266 | KD2: 89863625 | KE2: 75144445 | KF2: 10057950 | KG2: 2629895 | KH2: 1132475 | KI2: -303526 | KJ2: 8999020 | KK2: 10258450 | KL2: 83779230 | KM2: 71692805 | KN2: 49625353 | KO2: -15652780 | KP2: -1181630 | KQ2: -185888 | KR2: 99741740 | KS2: 74202358 | KT2: 4417039 | KU2: -658686820 | KV2: -478472945 | KW2: -328053487 | KX2: 695720195 | KY2: 507240121 | KZ2: 21963759 | LA2: 654202890 | LB2: 488622266 | LC2: 29117017 | LD2: -12306949 | LE2: -16869910 | LF2: -2685885 | LG2: -254011 | LH2: 95962820 | LI2: 79533886 | LJ2: 11217799 | LK2: 2155060 | LL2: 81890 | LM2: -19411 | LN2: 9694296 | LO2: -614385065 | LP2: -523170567 | LQ2: -74043988 | LR2: 79460485 | LS2: 63850487
A3: 1-2-3-5 | B3: 1350157 | C3: 149919352 | D3: 2121599 | E3: -18522492 | F3: 9961681 | G3: -126809271 | H3: -78492405 | I3: -73820528 | J3: -5332187 | K3: -103117 | L3: 12328090 | M3: -827750 | N3: 20723415 | O3: 2265309 | P3: 1530017 | Q3: -3071103 | R3: 1295741068 | S3: -52570329 | T3: 1800287079 | U3: -58454331 | V3: -121649336 | W3: 17957378 | X3: -539889 | Y3: 22879254 | Z3: -2435142 | AA3: -3233749 | AB3: -79602970 | AC3: 873577530 | AD3: 685625646 | AE3: 653054708 | AF3: 75156945 | AG3: -31408053 | AH3: -33968939 | AI3: 992009448 | AJ3: 989361309 | AK3: 34908231 | AL3: -62175335 | AM3: -346864 | AN3: 21522517 | AO3: -686323 | AP3: 64660920 | AQ3: 32482583 | AR3: 29899413 | AS3: 59185341 | AT3: 1536858052 | AU3: 382531627 | AV3: 1340225115 | AW3: -7794487 | AX3: -79483672 | AY3: 29061335 | AZ3: 1480751 | BA3: 69028248 | BB3: 30877021 | BC3: 28018135 | BD3: -149381173 | BE3: 1134366831 | BF3: 805606857 | BG3: 766571540 | BH3: 412618191 | BI3: 199761944 | BJ3: 183077737 | BK3: 708286851 | BL3: 727160241 | BM3: 37776787 | BN3: -3378711 | BO3: 482715003 | BP3: -35407757 | BQ3: 698956605 | BR3: -23965258 | BS3: -47624048 | BT3: 1523403 | BU3: -160237 | BV3: 385560 | BW3: -1898855 | BX3: -1890469 | BY3: 6928240 | BZ3: 260062785 | CA3: 260483081 | CB3: 248617633 | CC3: -29107815 | CD3: -18762799 | CE3: -17552887 | CF3: 390082845 | CG3: 385648215 | CH3: 13355858 | CI3: -543016797 | CJ3: 12917604 | CK3: -738174042 | CL3: 23236341 | CM3: 49653096 | CN3: 3845101147 | CO3: -6871701069 | CP3: 531861773 | CQ3: 560084488 | CR3: -5063541234 | CS3: 151884255 | CT3: 338269880 | CU3: 428961621 | CV3: 133031976 | CW3: 24666400 | CX3: 19928507 | CY3: 270863946 | CZ3: 294701692 | DA3: 281443055 | DB3: -33534174 | DC3: -6157773 | DD3: -4872884 | DE3: 412206450 | DF3: 407359758 | DG3: 14904041 | DH3: -2170175985 | DI3: -2067263129 | DJ3: -1972342977 | DK3: 3994653798 | DL3: 3840947919 | DM3: 28303073 | DN3: 2808063363 | DO3: 2788260894 | DP3: 103956955 | DQ3: -162434679 | DR3: -536239 | DS3: -4108 | DT3: 918002 | DU3: -23994 | DV3: 861395 | DW3: 70920 | DX3: 73117 | DY3: 386485 | DZ3: 94576988 | EA3: 1292203 | EB3: 45283403 | EC3: -23299815 | ED3: -21200344 | EE3: 1386166 | EF3: -7394 | EG3: 967741 | EH3: -127380 | EI3: -109713 | EJ3: -6444002 | EK3: 74403186 | EL3: 52395810 | EM3: 49189156 | EN3: 4101953 | EO3: -871650 | EP3: -772415 | EQ3: 43416915 | ER3: 40229929 | ES3: -373125 | ET3: -24731 | EU3: 1270848 | EV3: -233996 | EW3: 4828760 | EX3: 619623 | EY3: 318912 | EZ3: -32602 | FA3: -686 | FB3: -2735 | FC3: 1476 | FD3: -929 | FE3: 343720 | FF3: -6225040 | FG3: -892674 | FH3: -372672 | FI3: -159820 | FJ3: -3222 | FK3: -17636 | FL3: -356715 | FM3: 146120 | FN3: 42309 | FO3: -5277772 | FP3: 109053 | FQ3: -5568687 | FR3: 627990 | FS3: 747896 | FT3: 44332528 | FU3: -744334624 | FV3: -164502396 | FW3: -106490112 | FX3: -31396212 | FY3: 8674089 | FZ3: 8482592 | GA3: -262136571 | GB3: -217837184 | GC3: -10640088 | GD3: 290158 | GE3: -6757334 | GF3: 512868 | GG3: 1184180 | GH3: -166527 | GI3: 23928 | GJ3: 16649 | GK3: -262902 | GL3: 291893 | GM3: -68226 | GN3: 15839080 | GO3: -13351926 | GP3: -15801488 | GQ3: 282949518 | GR3: 303350624 | GS3: 26561412 | GT3: 6356739 | GU3: 8159932 | GV3: -536955 | GW3: 24024633 | GX3: 51412 | GY3: -33726351 | GZ3: 832349 | HA3: -13986385 | HB3: 9635141 | HC3: 8508016 | HD3: -170356 | HE3: 4076 | HF3: -24560 | HG3: 80612 | HH3: 72188 | HI3: 84164 | HJ3: -30233125 | HK3: -20955118 | HL3: -19163741 | HM3: 711235 | HN3: 541206 | HO3: 494183 | HP3: -17327305 | HQ3: -15574035 | HR3: 188543 | HS3: 33375269 | HT3: -476011 | HU3: 14421999 | HV3: -9178235 | HW3: -8164592 | HX3: -228074335 | HY3: -381273607 | HZ3: -233934637 | IA3: -167187176 | IB3: 103992518 | IC3: -59384222 | ID3: -53409336 | IE3: -205937632 | IF3: -165515272 | IG3: -11250776 | IH3: -1068744 | II3: -31844267 | IJ3: -21918614 | IK3: -19808735 | IL3: 915997 | IM3: 18706 | IN3: 21073 | IO3: -18228599 | IP3: -16349741 | IQ3: 85473 | IR3: 205402873 | IS3: 142292698 | IT3: 130011949 | IU3: 27191151 | IV3: 66773837 | IW3: 29046599 | IX3: -118360822 | IY3: -107380346 | IZ3: 530090 | JA3: 24262616 | JB3: -1433595 | JC3: 15953 | JD3: -182085 | JE3: 503773 | JF3: 422960 | JG3: 12744396 | JH3: -270554520 | JI3: -61805319 | JJ3: -40221120 | JK3: 1392020 | JL3: 5166217 | JM3: 4207616 | JN3: -102924385 | JO3: -84931520 | JP3: -4100784 | JQ3: 60796 | JR3: -81495 | JS3: 578546 | JT3: 611425 | JU3: -6815 | JV3: 14926 | JW3: 11133 | JX3: 44845 | JY3: 53615 | JZ3: -44167 | KA3: -10749220 | KB3: -7764212 | KC3: -7141156 | KD3: 112699235 | KE3: 117677320 | KF3: 10128069 | KG3: 3509375 | KH3: 2768900 | KI3: -331435 | KJ3: 9388675 | KK3: -2917049 | KL3: 283944795 | KM3: 71105726 | KN3: 46909000 | KO3: -2789226 | KP3: -1816329 | KQ3: -1382632 | KR3: 108811071 | KS3: 89731560 | KT3: 4494568 | KU3: -1973698372 | KV3: -506356667 | KW3: -335171296 | KX3: 1177931657 | KY3: 886487680 | KZ3: 27395304 | LA3: 744774054 | LB3: 615015392 | LC3: 31306840 | LD3: -32534392 | LE3: -11875727 | LF3: -4192670 | LG3: -3233435 | LH3: 118631752 | LI3: 123768425 | LJ3: 11395690 | LK3: 3385587 | LL3: 2537146 | LM3: -26075 | LN3: 9939829 | LO3: -775342619 | LP3: -823236972 | LQ3: -79535425 | LR3: 143074147 | LS3: 69046970
A4: 1-2-3-6 | B4: 1930517 | C4: -59868808 | D4: 1381367 | E4: 137656228 | F4: 8196441 | G4: 78290561 | H4: -91786637 | I4: -51618752 | J4: 2600213 | K4: -85841 | L4: 11507450 | M4: -958090 | N4: 19952049 | O4: 2476755 | P4: 176839 | Q4: 801521 | R4: -542275892 | S4: 18672311 | T4: -724198505 | U4: 46818773 | V4: 64041192 | W4: 14354994 | X4: -321097 | Y4: 17757752 | Z4: -2309096 | AA4: -2168707 | AB4: -117174410 | AC4: 956012866 | AD4: 723728870 | AE4: 320299276 | AF4: 123565447 | AG4: -35036875 | AH4: -24866893 | AI4: 1049065104 | AJ4: 540655531 | AK4: 57816401 | AL4: 22032665 | AM4: 172396 | AN4: -35625523 | AO4: 1464937 | AP4: -12563610 | AQ4: 38174353 | AR4: 20934063 | AS4: -21111619 | AT4: -466235708 | AU4: -138974933 | AV4: -503896805 | AW4: -136310007 | AX4: -60086872 | AY4: -37784337 | AZ4: 316279 | BA4: -15981178 | BB4: 35511959 | BC4: 19588789 | BD4: 255713987 | BE4: 548911519 | BF4: 1028217049 | BG4: 540145004 | BH4: -112750951 | BI4: 231728326 | BJ4: 128050171 | BK4: 950791939 | BL4: 513034419 | BM4: 25405225 | BN4: 1211889 | BO4: -179316597 | BP4: 12907643 | BQ4: -244631295 | BR4: 23150242 | BS4: 26177852 | BT4: 556479 | BU4: 20419 | BV4: -1223082 | BW4: -1918609 | BX4: -946631 | BY4: -8948260 | BZ4: 293303331 | CA4: 273255895 | CB4: 128047391 | CC4: -8905089 | CD4: -20824865 | CE4: -10523489 | CF4: 410653491 | CG4: 217506081 | CH4: 23360494 | CI4: 197465427 | CJ4: -4723852 | CK4: 262121250 | CL4: -14684855 | CM4: -21778492 | CN4: -1404211253 | CO4: 1075620435 | CP4: -1599267091 | CQ4: -1042979720 | CR4: 1838258690 | CS4: -66168229 | CT4: -129920068 | CU4: -2042922475 | CV4: -1265850740 | CW4: -98820436 | CX4: -5496189 | CY4: 319650876 | CZ4: 305875482 | DA4: 144243921 | DB4: -351026 | DC4: -7726017 | DD4: -4056840 | DE4: 429799240 | DF4: 226727846 | DG4: 23008107 | DH4: -2243154919 | DI4: -2219647635 | DJ4: -1054773759 | DK4: 4254988118 | DL4: 2474058865 | DM4: 447356127 | DN4: 3011450117 | DO4: 1588349234 | DP4: 155663373 | DQ4: 308537647 | DR4: -507179 | DS4: -4310 | DT4: 1157242 | DU4: -28584 | DV4: 985942 | DW4: 82053 | DX4: 53498 | DY4: 496569 | DZ4: 276428 | EA4: 3039783 | EB4: -10007601 | EC4: -26658491 | ED4: -15220176 | EE4: 1135382 | EF4: -2154 | EG4: 880272 | EH4: -146207 | EI4: -76962 | EJ4: -6951522 | EK4: 23371942 | EL4: 60872014 | EM4: 34757384 | EN4: 5345238 | EO4: -1010655 | EP4: -537150 | EQ4: 50204311 | ER4: 28531986 | ES4: -349610 | ET4: -28357 | EU4: 4581888 | EV4: -290206 | EW4: 6569701 | EX4: 761202 | EY4: 118515 | EZ4: -25766 | FA4: -868 | FB4: 704 | FC4: 1881 | FD4: -1984 | FE4: 403940 | FF4: -6083174 | FG4: -995580 | FH4: 212886 | FI4: -193892 | FJ4: -4050 | FK4: -23932 | FL4: -416889 | FM4: 462592 | FN4: 61119 | FO4: -4501492 | FP4: 114177 | FQ4: -5872728 | FR4: 745231 | FS4: 734943 | FT4: 27619768 | FU4: -93990004 | FV4: -241249416 | FW4: -137564652 | FX4: -33649263 | FY4: 10691620 | FZ4: 7998609 | GA4: -330298591 | GB4: -194814759 | GC4: -16613853 | GD4: 241534 | GE4: -5447888 | GF4: 378542 | GG4: 982738 | GH4: -176928 | GI4: 30385 | GJ4: 14508 | GK4: -408056 | GL4: 392640 | GM4: -100891 | GN4: 28383394 | GO4: -15267200 | GP4: -13411006 | GQ4: 299873678 | GR4: 187005634 | GS4: 41099922 | GT4: 7612865 | GU4: 8118924 | GV4: -770065 | GW4: 35619523 | GX4: -3898 | GY4: 3847989 | GZ4: 58639 | HA4: 7951720 | HB4: 10965496 | HC4: 6110291 | HD4: 23806 | HE4: 718 | HF4: 59996 | HG4: 92554 | HH4: 51514 | HI4: -350666 | HJ4: -10663238 | HK4: -24397685 | HL4: -13536100 | HM4: 562142 | HN4: 627489 | HO4: 350554 | HP4: -20030168 | HQ4: -11039478 | HR4: 168115 | HS4: -3769615 | HT4: -80775 | HU4: -7708458 | HV4: -10531214 | HW4: -5865489 | HX4: 23031005 | HY4: -80262031 | HZ4: -208235653 | IA4: -118806428 | IB4: -48815781 | IC4: -68804023 | ID4: -38381823 | IE4: -201590656 | IF4: -118059351 | IG4: -7897885 | IH4: -201040 | II4: -10942604 | IJ4: -25189037 | IK4: -13995412 | IL4: 176628 | IM4: 21899 | IN4: 12924 | IO4: -20938406 | IP4: -11592516 | IQ4: 94795 | IR4: 71135924 | IS4: 165001607 | IT4: 91843132 | IU4: 68154711 | IV4: 46888476 | IW4: 20764920 | IX4: -137216963 | IY4: -76117728 | IZ4: 602905 | JA4: 17517345 | JB4: 179931 | JC4: 5509 | JD4: 394098 | JE4: 607244 | JF4: 340723 | JG4: -2731554 | JH4: -21991749 | JI4: -93287730 | JJ4: -54301587 | JK4: 5309521 | JL4: 6362426 | JM4: 3509989 | JN4: -130106264 | JO4: -77291029 | JP4: -6608298 | JQ4: -502 | JR4: 362556 | JS4: 563695 | JT4: 297002 | JU4: 12200 | JV4: 18953 | JW4: 10044 | JX4: 11066 | JY4: -36032 | JZ4: -65087 | KA4: -5565362 | KB4: -8817790 | KC4: -4660322 | KD4: 119075575 | KE4: 73115654 | KF4: 16133355 | KG4: 4176757 | KH4: 1907236 | KI4: -475697 | KJ4: 14065769 | KK4: 1598995 | KL4: 25296864 | KM4: 101124737 | KN4: 58750957 | KO4: -2727714 | KP4: -2300237 | KQ4: -1229112 | KR4: 136117110 | KS4: 80777694 | KT4: 6783947 | KU4: -188600371 | KV4: -706165508 | KW4: -409342723 | KX4: 755718497 | KY4: 453638125 | KZ4: 58301739 | LA4: 933331243 | LB4: 553321866 | LC4: 46046909 | LD4: 27778663 | LE4: -3292508 | LF4: -5291529 | LG4: -2803284 | LH4: 124512532 | LI4: 76625444 | LJ4: 17136411 | LK4: 4290338 | LL4: 2251224 | LM4: -34812 | LN4: 14713238 | LO4: -829940839 | LP4: -512236616 | LQ4: -116614761 | LR4: 56277087 | LS4: 100010534
A5: 1-2-3-7 | B5: 2794940 | C5: 48126896 | D5: 1758084 | E5: 141120704 | F5: 1938444 | G5: 267268572 | H5: -128613500 | I5: -11150992 | J5: -1261498 | K5: -115262 | L5: 18829058 | M5: -1016932 | N5: 23147094 | O5: 3426480 | P5: -2114534 | Q5: -1191218 | R5: 387918024 | S5: -16635934 | T5: 519208482 | U5: 951782 | V5: -41443792 | W5: 17663678 | X5: -559734 | Y5: 25582104 | Z5: -3148622 | AA5: -1789954 | AB5: -64405402 | AC5: -631813650 | AD5: 1039456418 | AE5: -31643560 | AF5: 113298786 | AG5: -44419252 | AH5: -5523806 | AI5: 1392809574 | AJ5: -109854030 | AK5: 110974214 | AL5: -22633390 | AM5: 347410 | AN5: -28044670 | AO5: 6137080 | AP5: -80454930 | AQ5: 53539360 | AR5: 4587390 | AS5: 20219098 | AT5: 659884296 | AU5: 121373686 | AV5: 778960470 | AW5: -119600526 | AX5: -11308976 | AY5: -35182018 | AZ5: 3619422 | BA5: -83829456 | BB5: 49664146 | BC5: 4271642 | BD5: 329320870 | BE5: -1380493842 | BF5: 1412763426 | BG5: 119734168 | BH5: -642663522 | BI5: 319539736 | BJ5: 27666758 | BK5: 1417489518 | BL5: 117681558 | BM5: 2510498 | BN5: -1090194 | BO5: 165135462 | BP5: -11005078 | BQ5: 223758270 | BR5: 3582568 | BS5: -19193992 | BT5: -1183896 | BU5: -126686 | BV5: 440748 | BW5: -2633848 | BX5: 73654 | BY5: 31140530 | BZ5: -309751884 | CA5: 395067592 | CB5: 9687086 | CC5: -21552654 | CD5: -27003968 | CE5: 2973946 | CF5: 542035896 | CG5: -22877034 | CH5: 46129576 | CI5: -179305530 | CJ5: 3984904 | CK5: -237410676 | CL5: 2560442 | CM5: 17691304 | CN5: 1206411318 | CO5: -840376602 | CP5: -977068326 | CQ5: 477096048 | CR5: -1578680292 | CS5: 38941742 | CT5: 108428376 | CU5: -1305694182 | CV5: 548785848 | CW5: -103215944 | CX5: 25163606 | CY5: -330306444 | CZ5: 435972688 | DA5: 7097906 | DB5: -25977276 | DC5: -9329770 | DD5: 2325040 | DE5: 572535828 | DF5: -23191884 | DG5: 42914190 | DH5: 2104444446 | DI5: -3070451578 | DJ5: 19198866 | DK5: 3843234564 | DL5: -845612430 | DM5: 1198713646 | DN5: 3949988358 | DO5: -214263876 | DP5: 276582050 | DQ5: 1195894206 | DR5: -861869 | DS5: -6011 | DT5: 1730479 | DU5: -31986 | DV5: 1281727 | DW5: 114750 | DX5: 17273 | DY5: 438631 | DZ5: 73314684 | EA5: 46977 | EB5: 104487409 | EC5: -37684325 | ED5: -3141176 | EE5: 1392017 | EF5: -15951 | EG5: 1381044 | EH5: -204425 | EI5: -13117 | EJ5: -2815203 | EK5: -100762247 | EL5: 85424575 | EM5: 7776244 | EN5: 3947637 | EO5: -1392300 | EP5: -115635 | EQ5: 69953725 | ER5: 6765461 | ES5: -337025 | ET5: -32830 | EU5: 5025219 | EV5: -299152 | EW5: 6559306 | EX5: 1004823 | EY5: -659850 | EZ5: -30869 | FA5: -868 | FB5: -3076 | FC5: 2637 | FD5: -5260 | FE5: 414146 | FF5: -5696669 | FG5: -1348443 | FH5: 1425573 | FI5: -201452 | FJ5: -2538 | FK5: -30484 | FL5: -621009 | FM5: 1112752 | FN5: 107991 | FO5: -5350161 | FP5: 150458 | FQ5: -7318324 | FR5: 924073 | FS5: 455470 | FT5: 25721199 | FU5: 51259143 | FV5: -305197503 | FW5: 37815024 | FX5: -36624770 | FY5: 13025341 | FZ5: 1126258 | GA5: -408617053 | GB5: 56089826 | GC5: -32513442 | GD5: 282925 | GE5: -6379904 | GF5: 439136 | GG5: 1285463 | GH5: -207588 | GI5: 36517 | GJ5: -12064 | GK5: -501248 | GL5: 1215212 | GM5: -184639 | GN5: 33382411 | GO5: -18250499 | GP5: -4180217 | GQ5: 359731424 | GR5: -57409105 | GS5: 76432473 | GT5: 9082121 | GU5: 4490548 | GV5: -1317745 | GW5: 64009387 | GX5: 155807 | GY5: -22661466 | GZ5: 2151499 | HA5: -35189105 | HB5: 15580561 | HC5: 1274726 | HD5: 154783 | HE5: 9223 | HF5: -13714 | HG5: 129409 | HH5: 12013 | HI5: -3478805 | HJ5: 36952477 | HK5: -34300151 | HL5: -3013588 | HM5: 1893647 | HN5: 864684 | HO5: 90427 | HP5: -27855713 | HQ5: -2600943 | HR5: 142537 | HS5: 24786786 | HT5: -1086470 | HU5: 36797822 | HV5: -14741914 | HW5: -1216602 | HX5: -184251942 | HY5: 246023754 | HZ5: -334507746 | IA5: -25842072 | IB5: 262751804 | IC5: -94921288 | ID5: -7910854 | IE5: -350279196 | IF5: -26288966 | IG5: -1048994 | IH5: -2546584 | II5: 38737690 | IJ5: -35232248 | IK5: -3119712 | IL5: 2082618 | IM5: 29744 | IN5: 11752 | IO5: -29265686 | IP5: -2730094 | IQ5: 126152 | IR5: -262679254 | IS5: 227530832 | IT5: 20535296 | IU5: 173079618 | IV5: 9421912 | IW5: 5369536 | IX5: -189144728 | IY5: -18006154 | IZ5: 810160 | JA5: 5079934 | JB5: 45237 | JC5: 27874 | JD5: -154632 | JE5: 775139 | JF5: -70730 | JG5: -4678821 | JH5: 32707371 | JI5: -117264333 | JJ5: 9917274 | JK5: 4160086 | JL5: 7916321 | JM5: -1204742 | JN5: -159602549 | JO5: 17239526 | JP5: -13414692 | JQ5: 25013 | JR5: -149634 | JS5: 732472 | JT5: -73753 | JU5: -6700 | JV5: 22733 | JW5: -6336 | JX5: 60206 | JY5: 18148 | JZ5: -118511 | KA5: -2608457 | KB5: -10919659 | KC5: 2144623 | KD5: 141709270 | KE5: -20520931 | KF5: 30604833 | KG5: 5295637 | KH5: -1235204 | KI5: -816905 | KJ5: 25443569 | KK5: 4749822 | KL5: -35283738 | KM5: 127594296 | KN5: -10898958 | KO5: -5504884 | KP5: -2767842 | KQ5: 710864 | KR5: 168438230 | KS5: -17912132 | KT5: 12744814 | KU5: 215135928 | KV5: -884368170 | KW5: 85969170 | KX5: 790281726 | KY5: -144964638 | KZ5: 280112430 | LA5: 1150318148 | LB5: -131832876 | LC5: 82259170 | LD5: 290840966 | LE5: -3798158 | LF5: -6357528 | LG5: 1717576 | LH5: 149256256 | LI5: -21474166 | LJ5: 31551176 | LK5: 5154878 | LL5: -1422176 | LM5: -49400 | LN5: 26742426 | LO5: -995132602 | LP5: 146539554 | LQ5: -204727280 | LR5: -132248974 | LS5: 173731630
A6: 1-2-3-8 | B6: 4880807 | C6: -342526376 | D6: 1991421 | E6: 429237644 | F6: -735517 | G6: 330641595 | H6: -205339615 | I6: -48718640 | J6: 13701317 | K6: -161063 | L6: 26065742 | M6: -1622236 | N6: 45495777 | O6: 5265639 | P6: -2602217 | Q6: 5712833 | R6: -3034196020 | S6: 115910375 | T6: -4120984281 | U6: 206892613 | V6: 319381096 | W6: 24799622 | X6: -686161 | Y6: 29473686 | Z6: -4627618 | AA6: -2669411 | AB6: -138737910 | AC6: 2235302814 | AD6: 1559688778 | AE6: 31330476 | AF6: 103039473 | AG6: -69042329 | AH6: -15800493 | AI6: 2270756580 | AJ6: 277841595 | AK6: 162037345 | AL6: 133034885 | AM6: 1043056 | AN6: -122921473 | AO6: 12384097 | AP6: -85446420 | AQ6: 85705333 | AR6: 19841643 | AS6: -127479463 | AT6: -3073207756 | AU6: -849046161 | AV6: -3015733665 | AW6: -417759819 | AX6: -64540024 | AY6: -141883771 | AZ6: 5210027 | BA6: -105523020 | BB6: 78850919 | BC6: 18507049 | BD6: 1070583161 | BE6: 812597565 | BF6: 2365860251 | BG6: 517990796 | BH6: -826062225 | BI6: 508093842 | BJ6: 120624007 | BK6: 2211153405 | BL6: 491238255 | BM6: 20728525 | BN6: 7318101 | BO6: -1055530173 | BP6: 78981287 | BQ6: -1479930255 | BR6: 97066378 | BS6: 126627068 | BT6: -1514079 | BU6: -61985 | BV6: -6903036 | BW6: -3953509 | BX6: -98651 | BY6: 25281278 | BZ6: 689472783 | CA6: 590319019 | CB6: 40427495 | CC6: -87036807 | CD6: -41846453 | CE6: 7843 | CF6: 891074103 | CG6: 139395153 | CH6: 67100134 | CI6: 1180505883 | CJ6: -28978012 | CK6: 1584021798 | CL6: -70032467 | CM6: -117788956 | CN6: -8561060845 | CO6: 10259980011 | CP6: -5556912683 | CQ6: -3437258056 | CR6: 11235516366 | CS6: -371471193 | CT6: -769833956 | CU6: -6847690659 | CV6: -3588444084 | CW6: -350547412 | CX6: 15994403 | CY6: 785824146 | CZ6: 652242340 | DA6: 40283657 | DB6: -40751262 | DC6: -15061813 | DD6: 607048 | DE6: 921807594 | DF6: 132461514 | DG6: 62689887 | DH6: -5837828241 | DI6: -4654789897 | DJ6: -245567559 | DK6: 9367805526 | DL6: 2638182441 | DM6: 1709498023 | DN6: 6362243427 | DO6: 847235742 | DP6: 407916041 | DQ6: 1515635415 | DR6: -1101332 | DS6: -9476 | DT6: 2848918 | DU6: -51957 | DV6: 2367091 | DW6: 182160 | DX6: 57845 | DY6: 1114364 | DZ6: -103076480 | EA6: 3480284 | EB6: -91510468 | EC6: -59117620 | ED6: -15052600 | EE6: 1995746 | EF6: -22627 | EG6: 1607733 | EH6: -324340 | EI6: -70985 | EJ6: -4139986 | EK6: 15176542 | EL6: 135876230 | EM6: 33524100 | EN6: 3163024 | EO6: -2213325 | EP6: -527335 | EQ6: 111925595 | ER6: 27546145 | ES6: -615325 | ET6: -62944 | EU6: 13879050 | EV6: -511903 | EW6: 16910773 | EX6: 1699524 | EY6: -424797 | EZ6: -43406 | FA6: -1435 | FB6: 10217 | FC6: 4212 | FD6: -6961 | FE6: 669422 | FF6: -13914452 | FG6: -2100726 | FH6: 1827828 | FI6: -302441 | FJ6: -4491 | FK6: -46927 | FL6: -855747 | FM6: 1801216 | FN6: 159525 | FO6: -8152190 | FP6: 319053 | FQ6: -11880815 | FR6: 1659092 | FS6: 1290119 | FT6: -4051570 | FU6: 429502270 | FV6: -585940890 | FW6: -229451580 | FX6: -10904804 | FY6: 22107467 | FZ6: 8338889 | GA6: -766526729 | GB6: -266426903 | GC6: -46030845 | GD6: 405872 | GE6: -9516230 | GF6: 598588 | GG6: 1791216 | GH6: -219071 | GI6: 59174 | GJ6: -5872 | GK6: -1064326 | GL6: 1104493 | GM6: -269810 | GN6: 16654086 | GO6: -28874668 | GP6: -10533456 | GQ6: 652444726 | GR6: 173472732 | GS6: 111896280 | GT6: 13157137 | GU6: 5926419 | GV6: -1953470 | GW6: 95127185 | GX6: -22924 | GY6: 49915542 | GZ6: 1378237 | HA6: 45238585 | HB6: 24304108 | HC6: 6053843 | HD6: 370180 | HE6: 12940 | HF6: 339968 | HG6: 205324 | HH6: 50884 | HI6: -5920055 | HJ6: -9739469 | HK6: -54613682 | HL6: -13038337 | HM6: 5096441 | HN6: 1374543 | HO6: 357988 | HP6: -44754329 | HQ6: -10635459 | HR6: 275215 | HS6: -48360674 | HT6: -1466987 | HU6: -43869119 | HV6: -23361176 | HW6: -5812161 | HX6: 286729234 | HY6: 86476642 | HZ6: -404697350 | IA6: -115632580 | IB6: -257475708 | IC6: -150784041 | ID6: -37967791 | IE6: -408884133 | IF6: -115286143 | IG6: -7219645 | IH6: -3609225 | II6: -8794763 | IJ6: -55913754 | IK6: -13489739 | IL6: 3007231 | IM6: 47373 | IN6: 24568 | IO6: -46472287 | IP6: -11179877 | IQ6: 203545 | IR6: 45690058 | IS6: 361714389 | IT6: 88610149 | IU6: 173580107 | IV6: 45150497 | IW6: 20805955 | IX6: -300783201 | IY6: -73519571 | IZ6: 1299135 | JA6: 17924600 | JB6: 2563914 | JC6: 89425 | JD6: 2233509 | JE6: 1353668 | JF6: 354835 | JG6: -40569543 | JH6: 196345713 | JI6: -229254456 | JJ6: -95543907 | JK6: 42189658 | JL6: 13423466 | JM6: 2282245 | JN6: -303375542 | JO6: -110404837 | JP6: -18716394 | JQ6: 3215 | JR6: 1956393 | JS6: 1105054 | JT6: -38851 | JU6: 65435 | JV6: 36845 | JW6: -1800 | JX6: -70267 | JY6: -304601 | JZ6: -173447 | KA6: -31202771 | KB6: -17198113 | KC6: 734557 | KD6: 259558015 | KE6: 69929492 | KF6: 44653581 | KG6: 7560676 | KH6: -2519207 | KI6: -1210529 | KJ6: 37900307 | KK6: 24577943 | KL6: -194671425 | KM6: 242900482 | KN6: 98507189 | KO6: -28200458 | KP6: -4504441 | KQ6: 34280 | KR6: 314379067 | KS6: 112754534 | KT6: 18392363 | KU6: 1198151344 | KV6: -1645826887 | KW6: -642813659 | KX6: 1194726769 | KY6: 289321613 | KZ6: 243553035 | LA6: 2107990650 | LB6: 735886114 | LC6: 120105053 | LD6: 224759239 | LE6: -18998291 | LF6: -10288578 | LG6: 495952 | LH6: 269248984 | LI6: 72215993 | LJ6: 46137542 | LK6: 8323151 | LL6: -542552 | LM6: -76544 | LN6: 39327021 | LO6: -1773751843 | LP6: -472705767 | LQ6: -302299082 | LR6: -43040881 | LS6: 257747083
A7: 1-2-3-9 | B7: 1463750 | C7: -184607360 | D7: 6208562 | E7: -732847192 | F7: 50723854 | G7: -1291280434 | H7: -173023190 | I7: -213548272 | J7: 7161980 | K7: -257516 | L7: 39940106 | M7: -2385922 | N7: 65485362 | O7: 5734170 | P7: 6636796 | Q7: 2099916 | R7: -1451477776 | S7: 52724532 | T7: -1940874572 | U7: 123394460 | V7: 207840864 | W7: 40478734 | X7: -1196202 | Y7: 50585522 | Z7: -6118046 | AA7: -9419052 | AB7: -189513146 | AC7: 2447900086 | AD7: 1850243666 | AE7: 2504104736 | AF7: 164492260 | AG7: -83320672 | AH7: -118097796 | AI7: 2682196212 | AJ7: 3698938396 | AK7: 52059764 | AL7: 73021400 | AM7: -1957130 | AN7: 311667080 | AO7: -16894460 | AP7: 536846160 | AQ7: 70784350 | AR7: 86426280 | AS7: -62891400 | AT7: -2748084640 | AU7: -399716600 | AV7: -3289255160 | AW7: -295758440 | AX7: -246854720 | AY7: 342085168 | AZ7: -3837490 | BA7: 550530482 | BB7: 68891648 | BC7: 81052904 | BD7: -2341860216 | BE7: 6164578264 | BF7: 1401550992 | BG7: 2198947744 | BH7: 3699689564 | BI7: 455898666 | BJ7: 530207528 | BK7: 1014100054 | BL7: 2078227464 | BM7: 110760008 | BN7: 3270540 | BO7: -467517720 | BP7: 36362480 | BQ7: -640103400 | BR7: 60282820 | BS7: 91788320 | BT7: -1428714 | BU7: -217910 | BV7: -6888546 | BW7: -4786054 | BX7: -6331052 | BY7: 47034548 | BZ7: 705080088 | CA7: 710491834 | CB7: 945109448 | CC7: -119237052 | CD7: -49195718 | CE7: -64274144 | CF7: 1063686858 | CG7: 1432428888 | CH7: 17627116 | CI7: 525744024 | CJ7: -13415220 | CK7: 698625876 | CL7: -38673336 | CM7: -67998528 | CN7: -3927639928 | CO7: 3030252072 | CP7: -4162267544 | CQ7: -5034839488 | CR7: 5141854712 | CS7: -182707172 | CT7: -379519776 | CU7: -5308054348 | CV7: -6298533728 | CW7: -167979136 | CX7: 40889698 | CY7: 802153566 | CZ7: 786259280 | DA7: 1047430456 | DB7: -74803832 | DC7: -17054878 | DD7: -21438324 | DE7: 1103812894 | DF7: 1495608596 | DG7: 24644776 | DH7: -6228271396 | DI7: -5550133422 | DJ7: -7433382856 | DK7: 10882371086 | DL7: 13719019960 | DM7: -762721976 | DN7: 7555664492 | DO7: 10333209656 | DP7: 190509580 | DQ7: -1411870076 | DR7: -252785 | DS7: -8153 | DT7: 1669873 | DU7: -63801 | DV7: 2025946 | DW7: 160110 | DX7: 205643 | DY7: 2100451 | DZ7: -337163876 | EA7: 16806397 | EB7: -478511267 | EC7: -50073545 | ED7: -62814696 | EE7: 3000927 | EF7: 11914 | EG7: 1400787 | EH7: -284615 | EI7: -317207 | EJ7: -25923833 | EK7: 458797947 | EL7: 117226705 | EM7: 140661724 | EN7: 13922327 | EO7: -1993275 | EP7: -2181785 | EQ7: 98233120 | ER7: 114155071 | ES7: -949475 | ET7: -84364 | EU7: 15068049 | EV7: -724213 | EW7: 21221863 | EX7: 1773675 | EY7: 2152344 | EZ7: -71315 | FA7: -2065 | FB7: 8327 | FC7: 3771 | FD7: 788 | FE7: 981020 | FF7: -19426637 | FG7: -2172861 | FH7: -1960173 | FI7: -447971 | FJ7: -11043 | FK7: -45919 | FL7: -773532 | FM7: 14221 | FN7: 79641 | FO7: -12679571 | FP7: 408723 | FQ7: -16640065 | FR7: 1973563 | FS7: 3079320 | FT7: 35845289 | FU7: -217519367 | FV7: -619069533 | FW7: -873478536 | FX7: -40029964 | FY7: 25534846 | FZ7: 36861648 | GA7: -846294046 | GB7: -1199137680 | GC7: -14389152 | GD7: 655865 | GE7: -15317778 | GF7: 1101536 | GG7: 2484593 | GH7: -366961 | GI7: 66577 | GJ7: 79191 | GK7: -938594 | GL7: -459365 | GM7: -119209 | GN7: 32052097 | GO7: -35136119 | GP7: -52205627 | GQ7: 766774766 | GR7: 1097844509 | GS7: 45424863 | GT7: 16405286 | GU7: 25339348 | GV7: -1056970 | GW7: 44275402 | GX7: -744715 | GY7: 137128080 | GZ7: -6100430 | HA7: 193779040 | HB7: 20211565 | HC7: 25184360 | HD7: -496763 | HE7: -8795 | HF7: 281378 | HG7: 180187 | HH7: 206431 | HI7: 5688766 | HJ7: -181072064 | HK7: -46660877 | HL7: -54810424 | HM7: 16436 | HN7: 1237329 | HO7: 1393582 | HP7: -39249074 | HQ7: -44199024 | HR7: 490927 | HS7: -146131364 | HT7: 1177595 | HU7: -200442511 | HV7: -20424004 | HW7: -24208192 | HX7: 980217688 | HY7: -1115727152 | HZ7: -205231676 | IA7: -484214752 | IB7: -1335534102 | IC7: -135345963 | ID7: -158481304 | IE7: -125568777 | IF7: -479345992 | IG7: -33677344 | IH7: 2511311 | II7: -188918679 | IJ7: -48980968 | IK7: -56654932 | IL7: -1922269 | IM7: 43719 | IN7: 40527 | IO7: -40781063 | IP7: -46414931 | IQ7: 195852 | IR7: 1248051670 | IS7: 325026807 | IT7: 371707696 | IU7: -108650863 | IV7: 193427096 | IW7: 82733236 | IX7: -270517083 | IY7: -304662374 | IZ7: 1225785 | JA7: 68448419 | JB7: 1373781 | JC7: 97615 | JD7: 2150979 | JE7: 1520051 | JF7: 2064088 | JG7: -29227842 | JH7: -38604912 | JI7: -242610141 | JJ7: -333613032 | JK7: 43019998 | JL7: 15100967 | JM7: 20209336 | JN7: -337148267 | JO7: -464346712 | JP7: -4615104 | JQ7: 48890 | JR7: 1953873 | JS7: 1346344 | JT7: 1757657 | JU7: 62285 | JV7: 41570 | JW7: 51435 | JX7: -53887 | JY7: -183641 | JZ7: -78065 | KA7: -40195706 | KB7: -20010118 | KC7: -25522394 | KD7: 307220665 | KE7: 425091992 | KF7: 16547391 | KG7: 8684911 | KH7: 9773038 | KI7: -649325 | KJ7: 17151257 | KK7: 21326777 | KL7: 52317171 | KM7: 260595016 | KN7: 360367712 | KO7: -29674678 | KP7: -5080727 | KQ7: -6437016 | KR7: 350135603 | KS7: 485635000 | KT7: 7196384 | KU7: -513764318 | KV7: -1777967215 | KW7: -2487936440 | KX7: 1916192299 | KY7: 2578086488 | KZ7: -357384480 | LA7: 2351518392 | LB7: 3306716416 | LC7: 56066720 | LD7: -533098016 | LE7: -28470351 | LF7: -11626808 | LG7: -14461389 | LH7: 319361424 | LI7: 445600209 | LJ7: 19757336 | LK7: 9395311 | LL7: 11528838 | LM7: -64125 | LN7: 17726737 | LO7: -2093420473 | LP7: -2972914194 | LQ7: -150744005 | LR7: 583256249 | LS7: 133357960
A8: 1-2-4-5 | B8: -1354543 | C8: -18824624 | D8: -1603117 | E8: -83823052 | F8: -2059915 | G8: -57030971 | H8: 50463991 | I8: 42431696 | J8: -6765420 | K8: 55080 | L8: -2939490 | M8: 99932 | N8: -3826360 | O8: 331427 | P8: 1377109 | Q8: 8772420 | R8: 377812560 | S8: 11677276 | T8: 231671260 | U8: -247442204 | V8: -192791728 | W8: -6887430 | X8: 34508 | Y8: -6847600 | Z8: 2444273 | AA8: 3355231 | AB8: 10654298 | AC8: -113023510 | AD8: -89002102 | AE8: -6861404 | AF8: -10026404 | AG8: 4227019 | AH8: 5224649 | AI8: -128598201 | AJ8: -61881447 | AK8: -40922589 | AL8: 6596872 | AM8: 125273 | AN8: 21819637 | AO8: -2674901 | AP8: 13237645 | AQ8: -20598139 | AR8: -16588455 | AS8: -6066504 | AT8: -104997392 | AU8: -47206328 | AV8: -93782424 | AW8: -40491688 | AX8: -23886256 | AY8: 18071531 | AZ8: -3356284 | BA8: 10392474 | BB8: -19711040 | BC8: -15708389 | BD8: -198712749 | BE8: -99498709 | BF8: -461774127 | BG8: -343031356 | BH8: 132753722 | BI8: -130978932 | BJ8: -109019347 | BK8: -374080018 | BL8: -283756195 | BM8: -27237473 | BN8: 893940 | BO8: 94664820 | BP8: -12873412 | BQ8: 47481860 | BR8: -101265652 | BS8: -76146164 | BT8: -1159110 | BU8: 118012 | BV8: -892160 | BW8: 868237 | BX8: 801899 | BY8: -4195042 | BZ8: -32909890 | CA8: -39361177 | CB8: -13815419 | CC8: 6579540 | CD8: 865147 | CE8: -1495643 | CF8: -54947375 | CG8: -33401465 | CH8: -16882462 | CI8: -72825900 | CJ8: 18235344 | CK8: -30956040 | CL8: 98611224 | CM8: 73261068 | CN8: 882305012 | CO8: 590040980 | CP8: 2192822252 | CQ8: 1554727264 | CR8: -522784744 | CS8: 645626200 | CT8: 498279060 | CU8: 1731056624 | CV8: 1254433268 | CW8: 100718860 | CX8: -14030516 | CY8: -32542340 | CZ8: -57130361 | DA8: -29664877 | DB8: 14112424 | DC8: -4693036 | DD8: -6686376 | DE8: -68348894 | DF8: -45346418 | DG8: -17303479 | DH8: 280582736 | DI8: 269683947 | DJ8: 59866667 | DK8: -516990701 | DL8: -454384637 | DM8: -326426827 | DN8: -365109814 | DO8: -193930534 | DP8: -108495785 | DQ8: -233941719 | DR8: 425441 | DS8: 3672 | DT8: -833398 | DU8: 17286 | DV8: -706605 | DW8: -46960 | DX8: -46303 | DY8: -452483 | DZ8: -37909588 | EA8: -406757 | EB8: -27732517 | EC8: 15197337 | ED8: 12683648 | EE8: -1213570 | EF8: 14874 | EG8: -990879 | EH8: 81224 | EI8: 60227 | EJ8: 2337094 | EK8: -8637814 | EL8: -33954566 | EM8: -28971948 | EN8: -1802367 | EO8: 572582 | EP8: 471077 | EQ8: -28302005 | ER8: -24084251 | ES8: 253991 | ET8: 35640 | EU8: -5085750 | EV8: 117724 | EW8: -4731020 | EX8: -130451 | EY8: 201263 | EZ8: 25920 | FA8: -432 | FB8: 18360 | FC8: 2808 | FD8: 5616 | FE8: -23972 | FF8: 820810 | FG8: -305822 | FH8: -947764 | FI8: 3300 | FJ8: 7694 | FK8: 20990 | FL8: -305545 | FM8: -849175 | FN8: -36413 | FO8: 8584770 | FP8: -91132 | FQ8: 7354940 | FR8: -1134367 | FS8: -1276589 | FT8: -15352382 | FU8: 90048610 | FV8: 193294018 | FW8: 133687316 | FX8: 12197128 | FY8: -4080541 | FZ8: -3702123 | GA8: 177502027 | GB8: 127926229 | GC8: 11078519 | GD8: 37780 | GE8: 926590 | GF8: -1501370 | GG8: -2281180 | GH8: -42204 | GI8: 20930 | GJ8: 29834 | GK8: -1163851 | GL8: -1816597 | GM8: 78169 | GN8: -2053334 | GO8: 1834290 | GP8: 3491164 | GQ8: -36611416 | GR8: -38357512 | GS8: -27982616 | GT8: -911543 | GU8: -2278505 | GV8: 485597 | GW8: -23598096 | GX8: 21463 | GY8: 10912011 | GZ8: -924331 | HA8: 7599035 | HB8: -6240853 | HC8: -4984673 | HD8: 136226 | HE8: -8850 | HF8: 101235 | HG8: -51496 | HH8: -40687 | HI8: 1367312 | HJ8: 3237725 | HK8: 13429694 | HL8: 10952107 | HM8: -1226445 | HN8: -355598 | HO8: -303131 | HP8: 11204065 | HQ8: 9105970 | HR8: -129019 | HS8: -9693109 | HT8: 1003604 | HU8: -6682974 | HV8: 5870848 | HW8: 4661635 | HX8: 92796755 | HY8: 34179227 | HZ8: 166308977 | IA8: 118847956 | IB8: -67518142 | IC8: 38985148 | ID8: 32322789 | IE8: 135364166 | IF8: 98378021 | IG8: 7998823 | IH8: 2373058 | II8: 3302757 | IJ8: 14005768 | IK8: 11212429 | IL8: -1978080 | IM8: -12832 | IN8: -19654 | IO8: 11656752 | IP8: 9318849 | IQ8: -55368 | IR8: -23251141 | IS8: -93368286 | IT8: -78245683 | IU8: 7280617 | IV8: 958801 | IW8: -20650825 | IX8: 77702096 | IY8: 65029697 | IZ8: -350186 | JA8: -17158533 | JB8: 1170690 | JC8: -83372 | JD8: 875260 | JE8: -516227 | JF8: -427729 | JG8: 8030046 | JH8: 30505170 | JI8: 77949471 | JJ8: 54424977 | JK8: -8176080 | JL8: -2010333 | JM8: -942039 | JN8: 71730045 | JO8: 51836055 | JP8: 4480782 | JQ8: -46444 | JR8: 33470 | JS8: -467674 | JT8: -495548 | JU8: 32340 | JV8: 12826 | JW8: 18322 | JX8: -334895 | JY8: -358265 | JZ8: 47645 | KA8: 1439790 | KB8: -115452 | KC8: -1239918 | KD8: -14414955 | KE8: -14468715 | KF8: -11253669 | KG8: 478005 | KH8: 1431375 | KI8: 296871 | KJ8: -9527145 | KK8: -17088724 | KL8: -30764560 | KM8: -87084679 | KN8: -61096103 | KO8: 14967224 | KP8: -1333604 | KQ8: -1892592 | KR8: -78674314 | KS8: -56918458 | KT8: -4876769 | KU8: 234266628 | KV8: 540504333 | KW8: 375375969 | KX8: -220768743 | KY8: -161773431 | KZ8: -19498977 | LA8: -491684946 | LB8: -354719718 | LC8: -30567015 | LD8: -5252709 | LE8: 1709068 | LF8: -3371850 | LG8: -4809758 | LH8: -14779753 | LI8: -14769241 | LJ8: -12455543 | LK8: 2819872 | LL8: 4023364 | LM8: -1918 | LN8: -10424955 | LO8: 100280781 | LP8: 103478109 | LQ8: 78062211 | LR8: -28266792 | LS8: -65340327
A9: 1-2-4-6 | B9: -52223 | C9: 3678896 | D9: -14045 | E9: -3991052 | F9: -381755 | G9: -1630843 | H9: 3083543 | I9: 1226080 | J9: 3804720 | K9: 46208 | L9: -814210 | M9: -275208 | N9: 376682 | O9: 1063125 | P9: -325185 | Q9: -4278416 | R9: -233411360 | S9: -8425584 | T9: -145351184 | U9: 149759520 | V9: 112234320 | W9: -3750342 | X9: -411800 | Y9: -1341698 | Z9: 3014303 | AA9: 997405 | AB9: -15080342 | AC9: 54213778 | AD9: 33171890 | AE9: -43967540 | AF9: 11347898 | AG9: -8478303 | AH9: -8838405 | AI9: 55441187 | AJ9: -1311365 | AK9: 44160585 | AL9: -30148 | AM9: 1745 | AN9: 890277 | AO9: -83601 | AP9: 473683 | AQ9: -867637 | AR9: -613081 | AS9: -114820 | AT9: -60412352 | AU9: 6109732 | AV9: -32427548 | AW9: 59341356 | AX9: 42481232 | AY9: 106075 | AZ9: -35240 | BA9: 72900 | BB9: -130310 | BC9: -123915 | BD9: -12897069 | BE9: 8398435 | BF9: -13740631 | BG9: -25951924 | BH9: 6073396 | BI9: -11278786 | BJ9: -6444445 | BK9: 873986 | BL9: -8024541 | BM9: 15829601 | BN9: -153808 | BO9: -64391320 | BP9: 6249648 | BQ9: -34727752 | BR9: 62598180 | BS9: 44853900 | BT9: -814942 | BU9: 64776 | BV9: -406538 | BW9: 803227 | BX9: 531601 | BY9: -5995062 | BZ9: 13806728 | CA9: 4596385 | CB9: -15102185 | CC9: 1893234 | CD9: -6274227 | CE9: -2710281 | CF9: 15901183 | CG9: 1472569 | CH9: 17883390 | CI9: 62972392 | CJ9: -7368352 | CK9: 33175528 | CL9: -64337676 | CM9: -45901172 | CN9: -525997528 | CO9: -329459928 | CP9: -1305723720 | CQ9: -852229280 | CR9: 315659320 | CS9: -384619764 | CT9: -283685868 | CU9: -1024492764 | CV9: -689123468 | CW9: -81048180 | CX9: -12520024 | CY9: 9332810 | CZ9: -12030251 | DA9: -25555279 | DB9: 5503856 | DC9: -11383816 | DD9: -6135760 | DE9: 3197296 | DF9: -6660426 | DG9: 17340371 | DH9: -143457806 | DI9: -159114331 | DJ9: 44020601 | DK9: 256454559 | DL9: 260004961 | DM9: 367075175 | DN9: 200386168 | DO9: 50953546 | DP9: 118003749 | DQ9: 272094839 | DR9: 5191 | DS9: 20 | DT9: -30198 | DU9: 1436 | DV9: -28688 | DW9: -4707 | DX9: -742 | DY9: -2805 | DZ9: 1730612 | EA9: -139107 | EB9: 1858845 | EC9: 638095 | ED9: 174144 | EE9: -9650 | EF9: 240 | EG9: -8340 | EH9: -85 | EI9: 270 | EJ9: 330494 | EK9: -1249394 | EL9: -2142786 | EM9: -765688 | EN9: -254556 | EO9: 50381 | EP9: 28290 | EQ9: -1840895 | ER9: -696702 | ES9: -66698 | ET9: 3136 | EU9: 2119150 | EV9: -131976 | EW9: 2127514 | EX9: 448605 | EY9: 21735 | EZ9: 26408 | FA9: -1376 | FB9: 25528 | FC9: 4572 | FD9: 532 | FE9: 181528 | FF9: -665092 | FG9: -688140 | FH9: 176470 | FI9: -140824 | FJ9: 4428 | FK9: -12852 | FL9: -550062 | FM9: 183988 | FN9: 44415 | FO9: -2190602 | FP9: 155352 | FQ9: -2272590 | FR9: -627895 | FS9: -116949 | FT9: 12789318 | FU9: -49560802 | FV9: -110933890 | FW9: -63845580 | FX9: -9753258 | FY9: 4201335 | FZ9: 3844989 | GA9: -100880155 | GB9: -63589251 | GC9: -12377745 | GD9: 347024 | GE9: -1305124 | GF9: -2093756 | GG9: -613198 | GH9: -267456 | GI9: 49016 | GJ9: 24960 | GK9: -1798030 | GL9: -566472 | GM9: -63983 | GN9: -231508 | GO9: -5349676 | GP9: -6534078 | GQ9: 18722824 | GR9: 24164962 | GS9: 29970130 | GT9: 4155766 | GU9: 5052552 | GV9: -538137 | GW9: 25164943 | GX9: 185 | GY9: 71061 | GZ9: -7481 | HA9: 30523 | HB9: -88961 | HC9: -61369 | HD9: 1350 | HE9: -80 | HF9: 1140 | HG9: -175 | HH9: -210 | HI9: 23862 | HJ9: 215154 | HK9: 581955 | HL9: 367164 | HM9: -32900 | HN9: -31393 | HO9: -18046 | HP9: 519319 | HQ9: 343518 | HR9: 42931 | HS9: -100075 | HT9: 9000 | HU9: -82740 | HV9: 25330 | HW9: 26955 | HX9: -589795 | HY9: -15270259 | HZ9: -38393497 | IA9: -22843532 | IB9: 1860924 | IC9: 3303542 | ID9: 1895517 | IE9: -35608030 | IF9: -22999587 | IG9: -4559281 | IH9: 22400 | II9: 12900 | IJ9: 90175 | IK9: 83100 | IL9: -19680 | IM9: -2440 | IN9: -1440 | IO9: 77820 | IP9: 72180 | IQ9: 3255 | IR9: -3341948 | IS9: -8062249 | IT9: -4623364 | IU9: 8810587 | IV9: 9735468 | IW9: 11297368 | IX9: 6719228 | IY9: 3847116 | IZ9: -14671 | JA9: 9431469 | JB9: -32594 | JC9: 184 | JD9: -57382 | JE9: -69731 | JF9: -37849 | JG9: -1247354 | JH9: -16663544 | JI9: -42458105 | JJ9: -25350535 | JK9: 2290046 | JL9: 2908251 | JM9: 1591569 | JN9: -39098159 | JO9: -25279681 | JP9: -4931010 | JQ9: -12752 | JR9: -217884 | JS9: -539680 | JT9: -313194 | JU9: 23680 | JV9: 30328 | JW9: 16576 | JX9: -483974 | JY9: -298368 | JZ9: -43351 | KA9: -1818892 | KB9: -4042040 | KC9: -2067674 | KD9: 7914350 | KE9: 9343866 | KF9: 11767595 | KG9: 3180062 | KH9: 1475264 | KI9: -336609 | KJ9: 9917201 | KK9: 1486120 | KL9: 16463114 | KM9: 42183437 | KN9: 25223297 | KO9: -2709264 | KP9: -3417512 | KQ9: -1868112 | KR9: 39043400 | KS9: 25288422 | KT9: 4977751 | KU9: -129738446 | KV9: -321536483 | KW9: -190573623 | KX9: 120664407 | KY9: 90837937 | KZ9: 47882935 | LA9: 287826368 | LB9: 184337946 | LC9: 34062849 | LD9: 30079939 | LE9: -3493408 | LF9: -8102904 | LG9: -4411744 | LH9: 9396902 | LI9: 10419228 | LJ9: 12300103 | LK9: 6738448 | LL9: 3651456 | LM9: -40336 | LN9: 10275654 | LO9: -48448274 | LP9: -62833828 | LQ9: -84557857 | LR9: 24517523 | LS9: 70560250
A10: 1-2-4-7 | B10: 161204 | C10: 5392 | D10: 267788 | E10: 13047872 | F10: 265892 | G10: 1112596 | H10: -4307444 | I10: -8770480 | J10: -1257710 | K10: 64518 | L10: 3185414 | M10: 7252 | N10: -4782398 | O10: 1528080 | P10: -3598130 | Q10: 2091434 | R10: 101905752 | S10: 2074726 | T10: 8520486 | U10: -33555470 | V10: -68547440 | W10: 69434 | X10: -94370 | Y10: -8389688 | Z10: 4262358 | AA10: -2466950 | AB10: -4667086 | AC10: -409072950 | AD10: 208798694 | AE10: -117927160 | AF10: -7938202 | AG10: 2714212 | AH10: -5540250 | AI10: -117241358 | AJ10: -285025130 | AK10: 179280530 | AL10: -640746 | AM10: -19882 | AN10: -2795170 | AO10: 317000 | AP10: -1208902 | AQ10: 2341696 | AR10: 2214498 | AS10: 1063726 | AT10: 51768568 | AU10: 1067458 | AV10: 4381858 | AW10: -17042698 | AX10: -34786416 | AY10: -3034014 | AZ10: 559386 | BA10: -1870976 | BB10: 3358710 | BC10: 2596966 | BD10: 30268410 | BE10: -78557006 | BF10: 114848958 | BG10: 27167464 | BH10: -4181846 | BI10: 12332808 | BJ10: 20899354 | BK10: -16140518 | BL10: -50487638 | BM10: 68230142 | BN10: 411562 | BO10: 34469086 | BP10: -2444402 | BQ10: -9577022 | BR10: -12196120 | BS10: -31579140 | BT10: -725828 | BU10: 127766 | BV10: -1073668 | BW10: 1125672 | BX10: 442526 | BY10: 6389710 | BZ10: -106811672 | CA10: 72768136 | CB10: -18630382 | CC10: 9349974 | CD10: -2899552 | CE10: 7175174 | CF10: -58011112 | CG10: -92680066 | CH10: 73259080 | CI10: -23971570 | CJ10: 4743688 | CK10: 18713708 | CL10: 9300414 | CM10: 30081788 | CN10: 254917694 | CO10: 1009491054 | CP10: 68559842 | CQ10: 680068064 | CR10: -761540 | CS10: 85334986 | CT10: 185317412 | CU10: 338137046 | CV10: 735900932 | CW10: -177815300 | CX10: -924162 | CY10: -95539532 | CZ10: 49163004 | DA10: -27276962 | DB10: 18184676 | DC10: -10087326 | DD10: 4238060 | DE10: -75446844 | DF10: -98597916 | DG10: 72277206 | DH10: 977065078 | DI10: -525450774 | DJ10: 263849518 | DK10: -2343600688 | DL10: -1561747330 | DM10: 1472756818 | DN10: -325507742 | DO10: -711084824 | DP10: 470311694 | DQ10: 1185323334 | DR10: -44943 | DS10: -633 | DT10: 91363 | DU10: -2110 | DV10: 98537 | DW10: 1266 | DX10: 14981 | DY10: 74637 | DZ10: 3640748 | EA10: 74059 | EB10: 313483 | EC10: -1200855 | ED10: -2444672 | EE10: 203005 | EF10: -2461 | EG10: 168056 | EH10: -14811 | EI10: -9553 | EJ10: -321479 | EK10: 7345029 | EL10: 2543731 | EM10: 6183268 | EN10: 177091 | EO10: -54292 | EP10: -90087 | EQ10: 2641691 | ER10: 5464409 | ES10: -331421 | ET10: 22926 | EU10: 175268 | EV10: 18484 | EW10: -2102096 | EX10: 416145 | EY10: -1120025 | EZ10: 49074 | FA10: -816 | FB10: 20658 | FC10: 6507 | FD10: -8133 | FE10: -45804 | FF10: 4657548 | FG10: -841029 | FH10: 2335281 | FI10: -58164 | FJ10: 20058 | FK10: -46422 | FL10: -971607 | FM10: 1754943 | FN10: 170265 | FO10: 1566124 | FP10: 7082 | FQ10: 3650870 | FR10: -1303665 | FS10: 612971 | FT10: -1208540 | FU10: 171509364 | FV10: -38394200 | FW10: 81197428 | FX10: 3592852 | FY10: -1179625 | FZ10: 840189 | GA10: 53264315 | GB10: 122155709 | GC10: -52562705 | GD10: 70902 | GE10: 6403638 | GF10: -3235053 | GG10: 1867671 | GH10: -136326 | GI10: 44391 | GJ10: -19305 | GK10: -2210910 | GL10: 1847478 | GM10: -288498 | GN10: -12706152 | GO10: 4234605 | GP10: -5117229 | GQ10: -197289183 | GR10: -127471305 | GS10: 121938141 | GT10: -186849 | GU10: 6379497 | GV10: -2050857 | GW10: 100929348 | GX10: -3027 | GY10: -1142427 | GZ10: 96765 | HA10: -728697 | HB10: 647823 | HC10: 557847 | HD10: -22244 | HE10: 1505 | HF10: -16900 | HG10: 9039 | HH10: 6848 | HI10: -143075 | HJ10: -1023416 | HK10: -1349117 | HL10: -1514836 | HM10: 177945 | HN10: 33140 | HO10: 58445 | HP10: -1440871 | HQ10: -1465972 | HR10: 200227 | HS10: 1652021 | HT10: -165686 | HU10: 1189036 | HV10: -994962 | HW10: -761765 | HX10: -9721291 | HY10: 51061805 | HZ10: -21953833 | IA10: 16952116 | IB10: 1875726 | IC10: -3653024 | ID10: -6182771 | IE10: 14951782 | IF10: 35746381 | IG10: -20332897 | IH10: -396177 | II10: -485708 | IJ10: -2378367 | IK10: -1860476 | IL10: 333860 | IM10: -72 | IN10: 3911 | IO10: -2004348 | IP10: -1563036 | IQ10: 23817 | IR10: 15103453 | IS10: 8730636 | IT10: 15013288 | IU10: -79966819 | IV10: -52520812 | IW10: 49129480 | IX10: -7360088 | IY10: -12502661 | IZ10: 88916 | JA10: 40602651 | JB10: 570962 | JC10: -50606 | JD10: 513298 | JE10: -358491 | JF10: -209129 | JG10: -847216 | JH10: 56275916 | JI10: -13104553 | JJ10: 26294953 | JK10: -4226244 | JL10: 629551 | JM10: -2640911 | JN10: 23553001 | JO10: 44251759 | JP10: -21309730 | JQ10: -88002 | JR10: 584256 | JS10: -929418 | JT10: -245100 | JU10: 27330 | JV10: 27123 | JW10: -10509 | JX10: -468714 | JY10: -6348 | JZ10: -186531 | KA10: 7806828 | KB10: -640689 | KC10: 4416513 | KD10: -78196860 | KE10: -51065064 | KF10: 48428667 | KG10: 2605107 | KH10: -2303871 | KI10: -1284699 | KJ10: 40116861 | KK10: -3633378 | KL10: -55858838 | KM10: 7977921 | KN10: -29551823 | KO10: 8217356 | KP10: -2988402 | KQ10: 1288448 | KR10: -27900000 | KS10: -47026938 | KT10: 21476871 | KU10: 441003388 | KV10: -95230185 | KW10: 211180921 | KX10: -495725269 | KY10: -340215967 | KZ10: 310851463 | LA10: -147343622 | LB10: -321226934 | LC10: 139923329 | LD10: 247416819 | LE10: 12327462 | LF10: -7144083 | LG10: 2995083 | LH10: -82763934 | LI10: -54218724 | LJ10: 51529497 | LK10: 6018108 | LL10: -2402274 | LM10: -69981 | LN10: 42597234 | LO10: 544016703 | LP10: 352972641 | LQ10: -336731196 | LR10: 22915269 | LS10: 278330175
A11: 1-2-4-8 | B11: -1330093 | C11: 9642304 | D11: -1345639 | E11: -93794788 | F11: -1224817 | G11: -71049137 | H11: 49556101 | I11: 34605008 | J11: 19318382 | K11: 265032 | L11: -13487014 | M11: 834614 | N11: -17646404 | O11: 328217 | P11: -5164933 | Q11: -21465482 | R11: -1264511320 | S11: -23839750 | T11: -903998726 | U11: 717377598 | V11: 540048416 | W11: -32334034 | X11: 600314 | Y11: -32009780 | Z11: 10206515 | AA11: 1670033 | AB11: 71274390 | AC11: -523948338 | AD11: -479349026 | AE11: -715109412 | AF11: -60832002 | AG11: 31397971 | AH11: 16958007 | AI11: -639930775 | AJ11: -734999721 | AK11: 200972333 | AL11: 4661150 | AM11: 108251 | AN11: 22167551 | AO11: -2678153 | AP11: 13970579 | AQ11: -20226529 | AR11: -15832993 | AS11: -5500378 | AT11: -489392728 | AU11: 15122634 | AV11: -350260662 | AW11: 320292462 | AX11: 236047904 | AY11: 14793057 | AZ11: -2809138 | BA11: 8351458 | BB11: -16429760 | BC11: -13201683 | BD11: -209269567 | BE11: -198946895 | BF11: -600413357 | BG11: -539769732 | BH11: 155922828 | BI11: -118407222 | BJ11: -84257285 | BK11: -559923258 | BL11: -482273413 | BM11: 63666377 | BN11: -643474 | BO11: -369226974 | BP11: 41822522 | BQ11: -264749546 | BR11: 294921996 | BS11: 211859832 | BT11: -5514722 | BU11: 601570 | BV11: -4219924 | BW11: 4057015 | BX11: 2734501 | BY11: -13246396 | BZ11: -152437586 | CA11: -199624923 | CB11: -246624645 | CC11: 26764842 | CD11: 12030985 | CE11: 20334607 | CF11: -264898861 | CG11: -264306703 | CH11: 82449366 | CI11: 368144434 | CJ11: -47264872 | CK11: 264063364 | CL11: -303805410 | CM11: -217418120 | CN11: -3193193470 | CO11: 51664978 | CP11: -5593483074 | CQ11: -3545779008 | CR11: 2283786996 | CS11: -1917003558 | CT11: -1430599736 | CU11: -3969468834 | CV11: -2512811128 | CW11: -377291400 | CX11: -60900646 | CY11: -151218992 | CZ11: -282583115 | DA11: -298860819 | DB11: 63097452 | DC11: -13977370 | DD11: 2403172 | DE11: -327482870 | DF11: -303674134 | DG11: 79742735 | DH11: 1320182742 | DI11: 1525748519 | DJ11: 2005680693 | DK11: -2337236267 | DL11: -1498405827 | DM11: 1819111179 | DN11: -1883781768 | DO11: -2025934422 | DP11: 520532693 | DQ11: 1448600839 | DR11: 346168 | DS11: 3024 | DT11: -789122 | DU11: 14943 | DV11: -655549 | DW11: -46120 | DX11: -27495 | DY11: -372136 | DZ11: -18690272 | EA11: -427096 | EB11: -13738840 | EC11: 13231736 | ED11: 9205568 | EE11: -1011590 | EF11: 12333 | EG11: -824743 | EH11: 66008 | EI11: 50859 | EJ11: 1780406 | EK11: -4075386 | EL11: -32653074 | EM11: -22469452 | EN11: -1401868 | EO11: 514271 | EP11: 363453 | EQ11: -26887773 | ER11: -18524099 | ES11: -175505 | ET11: 25056 | EU11: 7951164 | EV11: 182 | EW11: 4928622 | EX11: 755272 | EY11: -944878 | EZ11: 126576 | FA11: -1080 | FB11: 90504 | FC11: 9936 | FD11: -6264 | FE11: -343642 | FF11: 3822114 | FG11: -662378 | FH11: 2785472 | FI11: 213098 | FJ11: 32627 | FK11: -40773 | FL11: -773641 | FM11: 2180809 | FN11: 185875 | FO11: -7194804 | FP11: 30718 | FQ11: -4303914 | FR11: -1769656 | FS11: 349450 | FT11: 9800180 | FU11: 49462932 | FV11: -344699516 | FW11: -160427752 | FX11: -6073624 | FY11: -938798 | FZ11: 1160934 | GA11: -218364454 | GB11: -93565082 | GC11: -56201278 | GD11: -154942 | GE11: 4245942 | GF11: -6086702 | GG11: -33376 | GH11: 74558 | GI11: 64097 | GJ11: -7383 | GK11: -4685395 | GL11: 186259 | GM11: -303839 | GN11: -6848676 | GO11: 15714008 | GP11: 3500316 | GQ11: -161576052 | GR11: -94445388 | GS11: 134120572 | GT11: -10394758 | GU11: -1358010 | GV11: -2196798 | GW11: 111308384 | GX11: 17576 | GY11: 8534676 | GZ11: -749378 | HA11: 5933254 | HB11: -5102504 | HC11: -4024318 | HD11: 114622 | HE11: -7305 | HF11: 85115 | HG11: -42232 | HH11: -33759 | HI11: 1339861 | HJ11: 2636977 | HK11: 12768706 | HL11: 9851687 | HM11: -1163000 | HN11: -320099 | HO11: -233238 | HP11: 10453257 | HQ11: 8092234 | HR11: 130885 | HS11: -8225948 | HT11: 827278 | HU11: -5680778 | HV11: 4813456 | HW11: 3858810 | HX11: 50990284 | HY11: 18379564 | HZ11: -50730836 | IA11: -9680104 | IB11: -37061928 | IC11: 34939194 | ID11: 24893174 | IE11: -24279438 | IF11: 1936886 | IG11: -18133582 | IH11: 1976201 | II11: 2788429 | IJ11: 11625496 | IK11: 9365313 | IL11: -1645180 | IM11: -12784 | IN11: -14823 | IO11: 9660144 | IP11: 7775673 | IQ11: -26616 | IR11: -12869164 | IS11: -84250675 | IT11: -60378427 | IU11: -43172031 | IV11: -24206651 | IW11: 44076883 | IX11: 70055124 | IY11: 50168288 | IZ11: -241357 | JA11: 36526611 | JB11: 214044 | JC11: -54250 | JD11: 179214 | JE11: -407672 | JF11: -243310 | JG11: -17217018 | JH11: 14767638 | JI11: -135820896 | JJ11: -69139218 | JK11: 10672508 | JL11: 1632316 | JM11: -2047570 | JN11: -85592932 | JO11: -41101838 | JP11: -22707756 | JQ11: -264830 | JR11: 132198 | JS11: -2144326 | JT11: -1175624 | JU11: 188230 | JV11: 39085 | JW11: -3075 | JX11: -1543607 | JY11: -834049 | JZ11: -198403 | KA11: 7637954 | KB11: 4435777 | KC11: 9019643 | KD11: -64058695 | KE11: -38408567 | KF11: 53340819 | KG11: -2025514 | KH11: -6499468 | KI11: -1382671 | KJ11: 44324743 | KK11: 15315418 | KL11: -14694390 | KM11: 132180092 | KN11: 66880990 | KO11: -9098908 | KP11: -4331366 | KQ11: 458320 | KR11: 82684082 | KS11: 39294340 | KT11: 22870210 | KU11: 125306144 | KV11: -913799162 | KW11: -432598834 | KX11: -204712426 | KY11: -132142850 | KZ11: 256920114 | LA11: 578327100 | LB11: 253257644 | LC11: 149689438 | LD11: 196134074 | LE11: 8721794 | LF11: -10110093 | LG11: 1369253 | LH11: -65573521 | LI11: -39400985 | LJ11: 55967197 | LK11: 8473036 | LL11: -1074478 | LM11: -84691 | LN11: 46355517 | LO11: 437670802 | LP11: 257558346 | LQ11: -367266286 | LR11: 40777516 | LS11: 304131098
A12: 1-2-4-9 | B12: -8466810 | C12: -60083760 | D12: -10077342 | E12: -515541048 | F12: -12698994 | G12: -348316386 | H12: 311858250 | I12: 263133552 | J12: 10861230 | K12: 291882 | L12: -10611522 | M12: 787894 | N12: -16380244 | O12: -1228890 | P12: 6675768 | Q12: -10855914 | R12: -736639896 | S12: -10699078 | T12: -563061062 | U12: 391331310 | V12: 384921744 | W12: -30402606 | X12: 499984 | Y12: -31503790 | Z12: 9288252 | AA12: 17016792 | AB12: 63890338 | AC12: -560839462 | AD12: -465681162 | AE12: 76697712 | AF12: -56981202 | AG12: 27177364 | AH12: 34499048 | AI12: -653889334 | AJ12: -234434504 | AK12: -284080488 | AL12: 37515810 | AM12: 786708 | AN12: 135844332 | AO12: -16731364 | AP12: 82216834 | AQ12: -128521350 | AR12: -103553868 | AS12: -39069174 | AT12: -1320320376 | AU12: -175000538 | AV12: -959921722 | AW12: 469783650 | AX12: 431067024 | AY12: 113781876 | AZ12: -21093904 | BA12: 65491474 | BB12: -123991470 | BC12: -98802084 | BD12: -1222513708 | BE12: -582350852 | BF12: -2822061180 | BG12: -2083555440 | BH12: 811625550 | BI12: -809030290 | BJ12: -675297212 | BK12: -2258949260 | BL12: -1704951628 | BM12: -180014820 | BN12: 284118 | BO12: -221280078 | BP12: 24954106 | BQ12: -178047466 | BR12: 159422160 | BS12: 162418812 | BT12: -5669040 | BU12: 650000 | BV12: -4356314 | BW12: 4316418 | BX12: 4190172 | BY12: -8328320 | BZ12: -159767086 | CA12: -180793578 | CB12: -22676652 | CC12: 24718362 | CD12: 14388206 | CE12: -3555676 | CF12: -260575886 | CG12: -135514688 | CH12: -116364372 | CI12: 240441474 | CJ12: -24662016 | CK12: 192689388 | CL12: -169580934 | CM12: -172408452 | CN12: -1910435822 | CO12: 604229090 | CP12: -2839724466 | CQ12: -3173550624 | CR12: 1469044404 | CS12: -1056141258 | CT12: -1044366940 | CU12: -1849593702 | CV12: -2110015868 | CW12: 202049916 | CX12: -57993520 | CY12: -158121938 | CZ12: -269200854 | DA12: -105944436 | DB12: 62694432 | DC12: -13290384 | DD12: -30717536 | DE12: -327258906 | DF12: -198284956 | DG12: -118308816 | DH12: 1402100814 | DI12: 1454014282 | DJ12: 76337388 | DK12: -2543994232 | DL12: -2353265748 | DM12: -2301888780 | DN12: -1893195270 | DO12: -825178596 | DP12: -752656208 | DQ12: -1680294292 | DR12: 2512725 | DS12: 23097 | DT12: -5230707 | DU12: 107599 | DV12: -4437544 | DW12: -284430 | DX12: -284097 | DY12: -2826783 | DZ12: -190118052 | EA12: -3005161 | EB12: -134861609 | EC12: 90532845 | ED12: 76075008 | EE12: -7632045 | EF12: 93424 | EG12: -6231829 | EH12: 512199 | EI12: 379677 | EJ12: 14396971 | EK12: -55014241 | EL12: -209981619 | EM12: -179859732 | EN12: -11082195 | EO12: 3536593 | EP12: 2917883 | EQ12: -175149358 | ER12: -149598533 | ES12: 1624569 | ET12: 56994 | EU12: 3560736 | EV12: 95798 | EW12: 831262 | EX12: 165 | EY12: 2345631 | EZ12: 151374 | FA12: -1560 | FB12: 108294 | FC12: 6453 | FD12: 28005 | FE12: -351898 | FF12: 4557934 | FG12: 402717 | FH12: -4480281 | FI12: 204778 | FJ12: 10851 | FK12: 111275 | FL12: 93804 | FM12: -4048466 | FN12: -265497 | FO12: 306504 | FP12: -39608 | FQ12: 2123792 | FR12: -2053665 | FS12: -4364349 | FT12: -2989720 | FU12: 128214856 | FV12: -128304900 | FW12: -285279852 | FX12: 4147448 | FY12: -3451775 | FZ12: -5705691 | GA12: -29959015 | GB12: -151060635 | GC12: 84507495 | GD12: -96808 | GE12: 5058328 | GF12: -5489163 | GG12: -11742159 | GH12: 17128 | GI12: 60696 | GJ12: 138920 | GK12: -4142619 | GL12: -9336239 | GM12: 514962 | GN12: -8844128 | GO12: 13018165 | GP12: 24431641 | GQ12: -178738207 | GR12: -203847787 | GS12: -193704069 | GT12: -7848301 | GU12: -17014001 | GV12: 3363158 | GW12: -162954815 | GX12: 131133 | GY12: 63491877 | GZ12: -5442189 | HA12: 44062209 | HB12: -36881445 | HC12: -29473233 | HD12: 856596 | HE12: -55640 | HF12: 636605 | HG12: -324171 | HH12: -256092 | HI12: 8610108 | HJ12: 20404737 | HK12: 83962641 | HL12: 68532648 | HM12: -7724245 | HN12: -2195357 | HO12: -1877404 | HP12: 70121342 | HQ12: 57032389 | HR12: -833691 | HS12: -61505739 | HT12: 6279224 | HU12: -42531314 | HV12: 36766458 | HW12: 29186835 | HX12: 487702269 | HY12: 73862181 | HZ12: 502931367 | IA12: 307733076 | IB12: -344787590 | IC12: 240190046 | ID12: 200016469 | IE12: 391930624 | IF12: 247848341 | IG12: 54705783 | IH12: 14920568 | II12: 20762947 | IJ12: 88121403 | IK12: 70540584 | IL12: -12437320 | IM12: -77352 | IN12: -121224 | IO12: 73347612 | IP12: 58631739 | IQ12: -350253 | IR12: -146719165 | IS12: -576742709 | IT12: -484690552 | IU12: 63953354 | IV12: 19171612 | IW12: -135909300 | IX12: 479994100 | IY12: 402830885 | IZ12: -2173059 | JA12: -112869546 | JB12: 1254306 | JC12: -128440 | JD12: 956044 | JE12: -836559 | JF12: -790929 | JG12: -10132662 | JH12: 41435298 | JI12: -52268181 | JJ12: -101035695 | JK12: 3480268 | JL12: -1405753 | JM12: 3956617 | JN12: -12204047 | JO12: -50882473 | JP12: 34426926 | JQ12: -306800 | JR12: 155918 | JS12: -2363886 | JT12: -2717004 | JU12: 217880 | JV12: 37440 | JW12: 84760 | JX12: -1697787 | JY12: -1972609 | JZ12: 321507 | KA12: 8875414 | KB12: 6311522 | KC12: -2764292 | KD12: -71592395 | KE12: -77195347 | KF12: -77193291 | KG12: -3399149 | KH12: 4415137 | KI12: 2081029 | KJ12: -65178787 | KK12: 180952 | KL12: -41598304 | KM12: 40697541 | KN12: 91795737 | KO12: 4121712 | KP12: -4046712 | KQ12: -9285712 | KR12: 3276078 | KS12: 43736902 | KT12: -35560449 | KU12: 330065992 | KV12: -321226555 | KW12: -726977759 | KX12: -389022251 | KY12: -318367159 | KZ12: -546989217 | LA12: 64540122 | LB12: 378579898 | LC12: -226290151 | LD12: -383949125 | LE12: 10152344 | LF12: -9613488 | LG12: -22061032 | LH12: -73337901 | LI12: -78697025 | LJ12: -84843153 | LK12: 8066136 | LL12: 18471872 | LM12: 36264 | LN12: -70910463 | LO12: 486963587 | LP12: 546729951 | LQ12: 540460159 | LR12: -174682954 | LS12: -451632737
A13: 1-2-5-6 | B13: 1304190 | C13: -35302800 | D13: 964186 | E13: 89917720 | F13: 5650630 | G13: 48022094 | H13: -62391254 | I13: -35883208 | J13: 11433090 | K13: 308 | L13: 1982180 | M13: -433870 | N13: 4318387 | O13: 951773 | P13: -1783619 | Q13: -8460806 | R13: -841912520 | S13: -37791530 | T13: -537875674 | U13: 521185234 | V13: 362847968 | W13: 1444188 | X13: -322094 | Y13: 3181237 | Z13: 718379 | AA13: -1310153 | AB13: -38501420 | AC13: 224745688 | AD13: 160445912 | AE13: -68434796 | AF13: 34685861 | AG13: -16632221 | AH13: -19665247 | AI13: 241633284 | AJ13: 53139849 | AK13: 111513579 | AL13: 16297530 | AM13: 124978 | AN13: -24913130 | AO13: 1020820 | AP13: -9825223 | AQ13: 25683913 | AR13: 13864421 | AS13: -15431742 | AT13: -449270040 | AU13: -98244210 | AV13: -334141218 | AW13: 84427338 | AX13: 73114176 | AY13: -27034886 | AZ13: 213202 | BA13: -11865639 | BB13: 24966917 | BC13: 13688567 | BD13: 178321170 | BE13: 239933614 | BF13: 578962786 | BG13: 270431532 | BH13: -80157503 | BI13: 160115113 | BJ13: 88156641 | BK13: 475687822 | BL13: 240178201 | BM13: 43400563 | BN13: 1091762 | BO13: -243169090 | BP13: 14370710 | BQ13: -140095922 | BR13: 213262592 | BS13: 143830084 | BT13: -195832 | BU13: 41818 | BV13: -416143 | BW13: -85141 | BX13: 174195 | BY13: -6736450 | BZ13: 67558543 | CA13: 57216957 | CB13: -12999451 | CC13: -111507 | CD13: -9289343 | CE13: -3216251 | CF13: 92213909 | CG13: 32470331 | CH13: 45243482 | CI13: 260347342 | CJ13: -7025960 | CK13: 155037408 | CL13: -207588994 | CM13: -141087148 | CN13: -1862017410 | CO13: -1123600658 | CP13: -4619250542 | CQ13: -2874020784 | CR13: 1139157880 | CS13: -1360027910 | CT13: -931501620 | CU13: -3646681214 | CV13: -2320386068 | CW13: -211647260 | CX13: -8711878 | CY13: 71426225 | CZ13: 57538915 | DA13: -16232317 | DB13: 3260372 | DC13: -8499246 | DD13: -4283072 | DE13: 91216535 | DF13: 29040842 | DG13: 44124329 | DH13: -548442497 | DI13: -566093003 | DJ13: 19922379 | DK13: 1018965140 | DL13: 858541883 | DM13: 923186597 | DN13: 746913751 | DO13: 262178182 | DP13: 297747775 | DQ13: 682124949 | DR13: -363930 | DS13: -3040 | DT13: 794540 | DU13: -19780 | DV13: 686230 | DW13: 57020 | DX13: 40330 | DY13: 351342 | DZ13: 3584040 | EA13: 2112210 | EB13: -5174982 | EC13: -18953538 | ED13: -11104776 | EE13: 796996 | EF13: -1452 | EG13: 619266 | EH13: -103276 | EI13: -53826 | EJ13: -4806220 | EK13: 18056236 | EL13: 41941324 | EM13: 24641368 | EN13: 3701538 | EO13: -699208 | EP13: -369486 | EQ13: 34928170 | ER13: 20365794 | ES13: -360514 | ET13: -26564 | EU13: 7518400 | EV13: -294470 | EW13: 7220819 | EX13: 765451 | EY13: -144163 | EZ13: 4808 | FA13: -1016 | FB13: 10228 | FC13: 2232 | FD13: -4148 | FE13: 234260 | FF13: -1587882 | FG13: -493178 | FH13: 1147914 | FI13: -162796 | FJ13: -4534 | FK13: -40468 | FL13: -311995 | FM13: 1072032 | FN13: 107413 | FO13: -7519952 | FP13: 130110 | FQ13: -6593325 | FR13: 644483 | FS13: 949737 | FT13: 46535960 | FU13: -178021292 | FV13: -399097868 | FW13: -227992916 | FX13: -37721565 | FY13: 10893455 | FZ13: 9822015 | GA13: -365177018 | GB13: -222382377 | GC13: -30864619 | GD13: 264068 | GE13: -1702054 | GF13: -748502 | GG13: 1002350 | GH13: -202080 | GI13: 35582 | GJ13: 16008 | GK13: -802141 | GL13: 663876 | GM13: -180437 | GN13: 4281542 | GO13: -9382602 | GP13: -14208994 | GQ13: 72611744 | GR13: 75332382 | GS13: 75889966 | GT13: 6603187 | GU13: 10613988 | GV13: -1345819 | GW13: 63824289 | GX13: -3114 | GY13: 2976870 | GZ13: 37680 | HA13: 5833629 | HB13: 7879551 | HC13: 4372797 | HD13: 18068 | HE13: 484 | HF13: 42858 | HG13: 65332 | HH13: 36182 | HI13: -244060 | HJ13: -7122892 | HK13: -16736398 | HL13: -9216896 | HM13: 388114 | HN13: 434166 | HO13: 241842 | HP13: -13943755 | HQ13: -7598918 | HR13: 188073 | HS13: -2904570 | HT13: -54450 | HU13: -5587569 | HV13: -7444827 | HW13: -4126527 | HX13: 16906350 | HY13: -99780750 | HZ13: -232634970 | IA13: -133898700 | IB13: -34393545 | IC13: -47694435 | ID13: -26528985 | IE13: -191771424 | IF13: -115824465 | IG13: -12696603 | IH13: -135520 | II13: -7555512 | IJ13: -17741886 | IK13: -9805736 | IL13: 119064 | IM13: 14762 | IN13: 8712 | IO13: -14764503 | IP13: -8129328 | IQ13: 72425 | IR13: 48633160 | IS13: 114122650 | IT13: 63322680 | IU13: -4345698 | IV13: 11447320 | IW13: 32520604 | IX13: -94967359 | IY13: -52507080 | IZ13: 438807 | JA13: 27045367 | JB13: 152956 | JC13: 5270 | JD13: 364023 | JE13: 568595 | JF13: 320413 | JG13: -3187130 | JH13: -61451699 | JI13: -156521771 | JJ13: -91516477 | JK13: 5467835 | JL13: 6454905 | JM13: 3523275 | JN13: -144070163 | JO13: -89072539 | JP13: -12318582 | JQ13: -6804 | JR13: -6994 | JS13: -90062 | JT13: -81878 | JU13: 15952 | JV13: 22190 | JW13: 11432 | JX13: -188341 | JY13: -180212 | JZ13: -115709 | KA13: -2587846 | KB13: -5086004 | KC13: -2364878 | KD13: 29026319 | KE13: 28710714 | KF13: 29900969 | KG13: 3484367 | KH13: 1196396 | KI13: -832827 | KJ13: 25237859 | KK13: 2241050 | KL13: 65086089 | KM13: 164673417 | KN13: 96173707 | KO13: -3091020 | KP13: -2657110 | KQ13: -1380960 | KR13: 149960031 | KS13: 92543034 | KT13: 12555149 | KU13: -455827145 | KV13: -1137990485 | KW13: -663099885 | KX13: 444105906 | KY13: 303432835 | KZ13: 111483277 | LA13: 1029146375 | LB13: 633710070 | LC13: 84964635 | LD13: 67662529 | LE13: -2792776 | LF13: -6005678 | LG13: -3078488 | LH13: 30793545 | LI13: 30443264 | LJ13: 31522357 | LK13: 4972204 | LL13: 2525136 | LM13: -50744 | LN13: 26358086 | LO13: -196604921 | LP13: -200187880 | LQ13: -213772267 | LR13: 64165181 | LS13: 178646914
... A127: 6-7-8-9 | B127: -1811550 | C127: -815412324 | D127: -2867448 | E127: 506587218 | F127: 13643466 | G127: -397352748 | H127: 117633816 | I127: -171857124 | J127: 5852275 | K127: 8450 | L127: -5429450 | M127: -211900 | N127: 4200950 | O127: -927225 | P127: 5596825 | Q127: -5459888 | R127: -807348807 | S127: -51304439 | T127: 607263862 | U127: -37341090 | V127: 1964044564 | W127: -6231130 | X127: -271770 | Y127: 4796100 | Z127: -918972 | AA127: 8057416 | AB127: 18365110 | AC127: 16151530 | AD127: -93271833 | AE127: -1050034691 | AF127: 14840070 | AG127: -6776541 | AH127: -22049387 | AI127: 69409278 | AJ127: 829096966 | AK127: -275468886 | AL127: 282160515 | AM127: 312780 | AN127: -182021580 | AO127: -9794460 | AP127: 139474530 | AQ127: -45427785 | AR127: 61422465 | AS127: -305835300 | AT127: -3027092403 | AU127: -2283611271 | AV127: 889842750 | AW127: -2125670082 | AX127: 879545316 | AY127: -200649756 | AZ127: -13147692 | BA127: 152163600 | BB127: -51595764 | BC127: 67551132 | BD127: 1368078720 | BE127: 922282506 | BF127: 883907247 | BG127: 91562241 | BH127: 1097921442 | BI127: -293873901 | BJ127: 466579677 | BK127: -907473714 | BL127: 241060782 | BM127: 321122538 | BN127: 305695 | BO127: -257644595 | BP127: -1363440 | BQ127: 203747570 | BR127: 2334800 | BS127: 673313940 | BT127: -88400 | BU127: 9100 | BV127: 74750 | BW127: 51805 | BX127: 679835 | BY127: -8063900 | BZ127: -4081350 | CA127: -42986905 | CB127: -378268735 | CC127: -6398600 | CD127: -300560 | CE127: -23075520 | CF127: 33957430 | CG127: 288472210 | CH127: -108911660 | CI127: 282541939 | CJ127: 3951923 | CK127: -221807150 | CL127: -227734 | CM127: -730761508 | CN127: -2070569095 | CO127: -1373330164 | CP127: -1966026546 | CQ127: -6420364720 | CR127: -1644691498 | CS127: -29167792 | CT127: -5445085380 | CU127: 1542305516 | CV127: 1488295792 | CW127: -5079721592 | CX127: -9553580 | CY127: -4946950 | CZ127: -47815481 | DA127: -417025407 | DB127: -7569150 | DC127: -676497 | DD127: -30542159 | DE127: 37533150 | DF127: 314587550 | DG127: -123332990 | DH127: -10183330 | DI127: 283931885 | DJ127: 2839020835 | DK127: 197990456 | DL127: 1914591332 | DM127: 1815271018 | DN127: 225675822 | DO127: 2281866634 | DP127: -706677884 | DQ127: -1935598940 | DR127: -2822040 | DS127: -6630 | DT127: 1473030 | DU127: 26910 | DV127: -1205880 | DW127: 128310 | DX127: -503490 | DY127: 1482636 | DZ127: -126125460 | EA127: -9141156 | EB127: 76208736 | EC127: -125495724 | ED127: 41089524 | EE127: 477582 | EF127: -7338 | EG127: -454500 | EH127: -227424 | EI127: -167988 | EJ127: 3568752 | EK127: 14115468 | EL127: 59770878 | EM127: 1054842 | EN127: 3179388 | EO127: 781062 | EP127: 1239090 | EQ127: -50160324 | ER127: 3961212 | ES127: 20521908 | ET127: 8255 | EU127: 3699345 | EV127: 243165 | EW127: -2648620 | EX127: 1029925 | EY127: -7092215 | EZ127: 13000 | FA127: 650 | FB127: -9750 | FC127: 2795 | FD127: -18135 | FE127: -91650 | FF127: -198250 | FG127: -369395 | FH127: 3041935 | FI127: -78650 | FJ127: 1235 | FK127: 24245 | FL127: 319670 | FM127: -2558010 | FN127: 138710 | FO127: -2312493 | FP127: -154493 | FQ127: 1614450 | FR127: -908198 | FS127: 3846284 | FT127: -1115148 | FU127: -18474582 | FV127: -118478907 | FW127: -263109153 | FX127: -2012782 | FY127: -7477379 | FZ127: -19432577 | GA127: 89970802 | GB127: 152959634 | GC127: -300393874 | GD127: -61210 | GE127: -188850 | GF127: -647263 | GG127: 976939 | GH127: -55350 | GI127: -19203 | GJ127: -36541 | GK127: 526050 | GL127: -996150 | GM127: -692890 | GN127: 397940 | GO127: 2823922 | GP127: 7435414 | GQ127: 4504588 | GR127: 29291636 | GS127: 123696584 | GT127: 2428728 | GU127: 6486016 | GV127: 646844 | GW127: -105354040 | GX127: 545415 | GY127: 54120105 | GZ127: 11066445 | HA127: -29450460 | HB127: 50782485 | HC127: -17262375 | HD127: 411840 | HE127: 31200 | HF127: -302250 | HG127: 144105 | HH127: -137865 | HI127: -5260320 | HJ127: -7753590 | HK127: -24046425 | HL127: -645255 | HM127: -4447950 | HN127: 18915 | HO127: -1809795 | HP127: 20360730 | HQ127: -2121990 | HR127: -8275410 | HS127: -52809717 | HT127: -7580769 | HU127: 30201450 | HV127: -50934498 | HW127: 17010624 | HX127: 319286808 | HY127: 145275042 | HZ127: -137091423 | IA127: 16493163 | IB127: 203451594 | IC127: -327628563 | ID127: 105213567 | IE127: -61714998 | IF127: 37362474 | IG127: -28251234 | IH127: -2703264 | II127: -6460350 | IJ127: -24507429 | IK127: -504123 | IL127: -2473350 | IM127: -910737 | IN127: -943119 | IO127: 20246550 | IP127: -1792650 | IQ127: -8380350 | IR127: 31622736 | IS127: 155189112 | IT127: 2203656 | IU127: 84188604 | IV127: -630852 | IW127: -8962668 | IX127: 131336412 | IY127: -9016356 | IZ127: -53400204 | JA127: -21384000 | JB127: 556660 | JC127: 14625 | JD127: -425750 | JE127: 50505 | JF127: -1320215 | JG127: -9843405 | JH127: -12188410 | JI127: -46818005 | JJ127: -113383205 | JK127: -7848750 | JL127: -336960 | JM127: -26324220 | JN127: 36913630 | JO127: 57811910 | JP127: -121324060 | JQ127: -20800 | JR127: -13000 | JS127: -108940 | JT127: -856180 | JU127: -16250 | JV127: -975 | JW127: -71825 | JX127: 84500 | JY127: 624000 | JZ127: -336050 | KA127: -225550 | KB127: 176995 | KC127: 10903165 | KD127: 1291940 | KE127: 16098680 | KF127: 49819770 | KG127: 148850 | KH127: 9296950 | KI127: -100100 | KJ127: -42628300 | KK127: 6321001 | KL127: 10399050 | KM127: 47094493 | KN127: 110468261 | KO127: 5107700 | KP127: 663807 | KQ127: 17893649 | KR127: -36962750 | KS127: -59826250 | KT127: 121715330 | KU127: -45483974 | KV127: -301141651 | KW127: -665915425 | KX127: -156548368 | KY127: -300641036 | KZ127: 301478386 | LA127: -238561682 | LB127: -409337374 | LC127: 782547524 | LD127: 167978580 | LE127: -240950 | LF127: -522681 | LG127: 5594393 | LH127: 935300 | LI127: 13414600 | LJ127: 50815490 | LK127: -397050 | LL127: 5202650 | LM127: 2067120 | LN127: -42300500 | LO127: -7718156 | LP127: -65639532 | LQ127: -321589268 | LR127: -174904840 | LS127: -274816520
A129: # positive | B129: =COUNTIF(B2:B127,">0") -> 53 | C129: =COUNTIF(C2:C127,">0") -> 71 | D129: =COUNTIF(D2:D127,">0") -> 51 | E129: =COUNTIF(E2:E127,">0") -> 55 | F129: =COUNTIF(F2:F127,">0") -> 53 | G129: =COUNTIF(G2:G127,">0") -> 58 | H129: =COUNTIF(H2:H127,">0") -> 77 | I129: =COUNTIF(I2:I127,">0") -> 67 | ... LS129: =COUNTIF(LS2:LS127,">0") -> 61
A130: # negative | B130: =COUNTIF(B2:B127,"<0") -> 73 | C130: =COUNTIF(C2:C127,"<0") -> 55 | D130: =COUNTIF(D2:D127,"<0") -> 75 | E130: =COUNTIF(E2:E127,"<0") -> 71 | F130: =COUNTIF(F2:F127,"<0") -> 73 | G130: =COUNTIF(G2:G127,"<0") -> 68 | H130: =COUNTIF(H2:H127,"<0") -> 49 | I130: =COUNTIF(I2:I127,"<0") -> 59 | ... LS130: =COUNTIF(LS2:LS127,"<0") -> 65
A131: # zero | B131: =COUNTIF(B2:B127,0) -> 0 | C131: =COUNTIF(C2:C127,0) -> 0 | D131: =COUNTIF(D2:D127,0) -> 0 | E131: =COUNTIF(E2:E127,0) -> 0 | F131: =COUNTIF(F2:F127,0) -> 0 | G131: =COUNTIF(G2:G127,0) -> 0 | H131: =COUNTIF(H2:H127,0) -> 0 | I131: =COUNTIF(I2:I127,0) -> 0 | ... LS131: =COUNTIF(LS2:LS127,0) -> 0

Sheet Quad_summary
A1: # | B1: D columns | C1: Choices (of 126) with positive minor | D1: with negative minor | E1: with zero
A2: 1 | B2: D1-D2-D3-D4 | C2: =Minors!B129 -> 53 | D2: =Minors!B130 -> 73 | E2: =Minors!B131 -> 0
A3: 2 | B3: D1-D2-D3-D5 | C3: =Minors!C129 -> 71 | D3: =Minors!C130 -> 55 | E3: =Minors!C131 -> 0
A4: 3 | B4: D1-D2-D3-D6 | C4: =Minors!D129 -> 51 | D4: =Minors!D130 -> 75 | E4: =Minors!D131 -> 0
A5: 4 | B5: D1-D2-D3-D7 | C5: =Minors!E129 -> 55 | D5: =Minors!E130 -> 71 | E5: =Minors!E131 -> 0
A6: 5 | B6: D1-D2-D3-D8 | C6: =Minors!F129 -> 53 | D6: =Minors!F130 -> 73 | E6: =Minors!F131 -> 0
A7: 6 | B7: D1-D2-D3-D9 | C7: =Minors!G129 -> 58 | D7: =Minors!G130 -> 68 | E7: =Minors!G131 -> 0
A8: 7 | B8: D1-D2-D3-D10 | C8: =Minors!H129 -> 77 | D8: =Minors!H130 -> 49 | E8: =Minors!H131 -> 0
A9: 8 | B9: D1-D2-D3-D11 | C9: =Minors!I129 -> 67 | D9: =Minors!I130 -> 59 | E9: =Minors!I131 -> 0
A10: 9 | B10: D1-D2-D4-D5 | C10: =Minors!J129 -> 46 | D10: =Minors!J130 -> 80 | E10: =Minors!J131 -> 0
A11: 10 | B11: D1-D2-D4-D6 | C11: =Minors!K129 -> 54 | D11: =Minors!K130 -> 72 | E11: =Minors!K131 -> 0
A12: 11 | B12: D1-D2-D4-D7 | C12: =Minors!L129 -> 57 | D12: =Minors!L130 -> 69 | E12: =Minors!L131 -> 0
A13: 12 | B13: D1-D2-D4-D8 | C13: =Minors!M129 -> 60 | D13: =Minors!M130 -> 66 | E13: =Minors!M131 -> 0
A14: 13 | B14: D1-D2-D4-D9 | C14: =Minors!N129 -> 66 | D14: =Minors!N130 -> 60 | E14: =Minors!N131 -> 0
A15: 14 | B15: D1-D2-D4-D10 | C15: =Minors!O129 -> 39 | D15: =Minors!O130 -> 87 | E15: =Minors!O131 -> 0
A16: 15 | B16: D1-D2-D4-D11 | C16: =Minors!P129 -> 89 | D16: =Minors!P130 -> 37 | E16: =Minors!P131 -> 0
A17: 16 | B17: D1-D2-D5-D6 | C17: =Minors!Q129 -> 74 | D17: =Minors!Q130 -> 52 | E17: =Minors!Q131 -> 0
A18: 17 | B18: D1-D2-D5-D7 | C18: =Minors!R129 -> 68 | D18: =Minors!R130 -> 58 | E18: =Minors!R131 -> 0
A19: 18 | B19: D1-D2-D5-D8 | C19: =Minors!S129 -> 71 | D19: =Minors!S130 -> 55 | E19: =Minors!S131 -> 0
A20: 19 | B20: D1-D2-D5-D9 | C20: =Minors!T129 -> 61 | D20: =Minors!T130 -> 65 | E20: =Minors!T131 -> 0
A21: 20 | B21: D1-D2-D5-D10 | C21: =Minors!U129 -> 47 | D21: =Minors!U130 -> 79 | E21: =Minors!U131 -> 0
A22: 21 | B22: D1-D2-D5-D11 | C22: =Minors!V129 -> 50 | D22: =Minors!V130 -> 76 | E22: =Minors!V131 -> 0
A23: 22 | B23: D1-D2-D6-D7 | C23: =Minors!W129 -> 68 | D23: =Minors!W130 -> 58 | E23: =Minors!W131 -> 0
A24: 23 | B24: D1-D2-D6-D8 | C24: =Minors!X129 -> 71 | D24: =Minors!X130 -> 55 | E24: =Minors!X131 -> 0
A25: 24 | B25: D1-D2-D6-D9 | C25: =Minors!Y129 -> 65 | D25: =Minors!Y130 -> 61 | E25: =Minors!Y131 -> 0
A26: 25 | B26: D1-D2-D6-D10 | C26: =Minors!Z129 -> 38 | D26: =Minors!Z130 -> 88 | E26: =Minors!Z131 -> 0
A27: 26 | B27: D1-D2-D6-D11 | C27: =Minors!AA129 -> 73 | D27: =Minors!AA130 -> 53 | E27: =Minors!AA131 -> 0
A28: 27 | B28: D1-D2-D7-D8 | C28: =Minors!AB129 -> 63 | D28: =Minors!AB130 -> 63 | E28: =Minors!AB131 -> 0
A29: 28 | B29: D1-D2-D7-D9 | C29: =Minors!AC129 -> 68 | D29: =Minors!AC130 -> 58 | E29: =Minors!AC131 -> 0
A30: 29 | B30: D1-D2-D7-D10 | C30: =Minors!AD129 -> 55 | D30: =Minors!AD130 -> 71 | E30: =Minors!AD131 -> 0
A31: 30 | B31: D1-D2-D7-D11 | C31: =Minors!AE129 -> 79 | D31: =Minors!AE130 -> 47 | E31: =Minors!AE131 -> 0
A32: 31 | B32: D1-D2-D8-D9 | C32: =Minors!AF129 -> 66 | D32: =Minors!AF130 -> 60 | E32: =Minors!AF131 -> 0
A33: 32 | B33: D1-D2-D8-D10 | C33: =Minors!AG129 -> 54 | D33: =Minors!AG130 -> 72 | E33: =Minors!AG131 -> 0
A34: 33 | B34: D1-D2-D8-D11 | C34: =Minors!AH129 -> 75 | D34: =Minors!AH130 -> 51 | E34: =Minors!AH131 -> 0
A35: 34 | B35: D1-D2-D9-D10 | C35: =Minors!AI129 -> 66 | D35: =Minors!AI130 -> 60 | E35: =Minors!AI131 -> 0
A36: 35 | B36: D1-D2-D9-D11 | C36: =Minors!AJ129 -> 71 | D36: =Minors!AJ130 -> 55 | E36: =Minors!AJ131 -> 0
A37: 36 | B37: D1-D2-D10-D11 | C37: =Minors!AK129 -> 39 | D37: =Minors!AK130 -> 87 | E37: =Minors!AK131 -> 0
A38: 37 | B38: D1-D3-D4-D5 | C38: =Minors!AL129 -> 58 | D38: =Minors!AL130 -> 68 | E38: =Minors!AL131 -> 0
A39: 38 | B39: D1-D3-D4-D6 | C39: =Minors!AM129 -> 54 | D39: =Minors!AM130 -> 72 | E39: =Minors!AM131 -> 0
A40: 39 | B40: D1-D3-D4-D7 | C40: =Minors!AN129 -> 69 | D40: =Minors!AN130 -> 57 | E40: =Minors!AN131 -> 0
A41: 40 | B41: D1-D3-D4-D8 | C41: =Minors!AO129 -> 57 | D41: =Minors!AO130 -> 69 | E41: =Minors!AO131 -> 0
A42: 41 | B42: D1-D3-D4-D9 | C42: =Minors!AP129 -> 66 | D42: =Minors!AP130 -> 60 | E42: =Minors!AP131 -> 0
A43: 42 | B43: D1-D3-D4-D10 | C43: =Minors!AQ129 -> 48 | D43: =Minors!AQ130 -> 78 | E43: =Minors!AQ131 -> 0
A44: 43 | B44: D1-D3-D4-D11 | C44: =Minors!AR129 -> 59 | D44: =Minors!AR130 -> 67 | E44: =Minors!AR131 -> 0
A45: 44 | B45: D1-D3-D5-D6 | C45: =Minors!AS129 -> 70 | D45: =Minors!AS130 -> 56 | E45: =Minors!AS131 -> 0
A46: 45 | B46: D1-D3-D5-D7 | C46: =Minors!AT129 -> 67 | D46: =Minors!AT130 -> 59 | E46: =Minors!AT131 -> 0
A47: 46 | B47: D1-D3-D5-D8 | C47: =Minors!AU129 -> 73 | D47: =Minors!AU130 -> 53 | E47: =Minors!AU131 -> 0
A48: 47 | B48: D1-D3-D5-D9 | C48: =Minors!AV129 -> 61 | D48: =Minors!AV130 -> 65 | E48: =Minors!AV131 -> 0
A49: 48 | B49: D1-D3-D5-D10 | C49: =Minors!AW129 -> 52 | D49: =Minors!AW130 -> 74 | E49: =Minors!AW131 -> 0
A50: 49 | B50: D1-D3-D5-D11 | C50: =Minors!AX129 -> 53 | D50: =Minors!AX130 -> 73 | E50: =Minors!AX131 -> 0
A51: 50 | B51: D1-D3-D6-D7 | C51: =Minors!AY129 -> 68 | D51: =Minors!AY130 -> 58 | E51: =Minors!AY131 -> 0
A52: 51 | B52: D1-D3-D6-D8 | C52: =Minors!AZ129 -> 62 | D52: =Minors!AZ130 -> 64 | E52: =Minors!AZ131 -> 0
A53: 52 | B53: D1-D3-D6-D9 | C53: =Minors!BA129 -> 67 | D53: =Minors!BA130 -> 59 | E53: =Minors!BA131 -> 0
A54: 53 | B54: D1-D3-D6-D10 | C54: =Minors!BB129 -> 47 | D54: =Minors!BB130 -> 79 | E54: =Minors!BB131 -> 0
A55: 54 | B55: D1-D3-D6-D11 | C55: =Minors!BC129 -> 59 | D55: =Minors!BC130 -> 67 | E55: =Minors!BC131 -> 0
A56: 55 | B56: D1-D3-D7-D8 | C56: =Minors!BD129 -> 57 | D56: =Minors!BD130 -> 69 | E56: =Minors!BD131 -> 0
A57: 56 | B57: D1-D3-D7-D9 | C57: =Minors!BE129 -> 67 | D57: =Minors!BE130 -> 59 | E57: =Minors!BE131 -> 0
A58: 57 | B58: D1-D3-D7-D10 | C58: =Minors!BF129 -> 47 | D58: =Minors!BF130 -> 79 | E58: =Minors!BF131 -> 0
A59: 58 | B59: D1-D3-D7-D11 | C59: =Minors!BG129 -> 65 | D59: =Minors!BG130 -> 61 | E59: =Minors!BG131 -> 0
A60: 59 | B60: D1-D3-D8-D9 | C60: =Minors!BH129 -> 67 | D60: =Minors!BH130 -> 59 | E60: =Minors!BH131 -> 0
A61: 60 | B61: D1-D3-D8-D10 | C61: =Minors!BI129 -> 47 | D61: =Minors!BI130 -> 79 | E61: =Minors!BI131 -> 0
A62: 61 | B62: D1-D3-D8-D11 | C62: =Minors!BJ129 -> 59 | D62: =Minors!BJ130 -> 67 | E62: =Minors!BJ131 -> 0
A63: 62 | B63: D1-D3-D9-D10 | C63: =Minors!BK129 -> 58 | D63: =Minors!BK130 -> 68 | E63: =Minors!BK131 -> 0
A64: 63 | B64: D1-D3-D9-D11 | C64: =Minors!BL129 -> 70 | D64: =Minors!BL130 -> 56 | E64: =Minors!BL131 -> 0
A65: 64 | B65: D1-D3-D10-D11 | C65: =Minors!BM129 -> 50 | D65: =Minors!BM130 -> 76 | E65: =Minors!BM131 -> 0
A66: 65 | B66: D1-D4-D5-D6 | C66: =Minors!BN129 -> 59 | D66: =Minors!BN130 -> 67 | E66: =Minors!BN131 -> 0
A67: 66 | B67: D1-D4-D5-D7 | C67: =Minors!BO129 -> 68 | D67: =Minors!BO130 -> 58 | E67: =Minors!BO131 -> 0
A68: 67 | B68: D1-D4-D5-D8 | C68: =Minors!BP129 -> 54 | D68: =Minors!BP130 -> 72 | E68: =Minors!BP131 -> 0
A69: 68 | B69: D1-D4-D5-D9 | C69: =Minors!BQ129 -> 61 | D69: =Minors!BQ130 -> 65 | E69: =Minors!BQ131 -> 0
A70: 69 | B70: D1-D4-D5-D10 | C70: =Minors!BR129 -> 49 | D70: =Minors!BR130 -> 77 | E70: =Minors!BR131 -> 0
A71: 70 | B71: D1-D4-D5-D11 | C71: =Minors!BS129 -> 49 | D71: =Minors!BS130 -> 77 | E71: =Minors!BS131 -> 0
A72: 71 | B72: D1-D4-D6-D7 | C72: =Minors!BT129 -> 81 | D72: =Minors!BT130 -> 45 | E72: =Minors!BT131 -> 0
A73: 72 | B73: D1-D4-D6-D8 | C73: =Minors!BU129 -> 51 | D73: =Minors!BU130 -> 75 | E73: =Minors!BU131 -> 0
A74: 73 | B74: D1-D4-D6-D9 | C74: =Minors!BV129 -> 64 | D74: =Minors!BV130 -> 62 | E74: =Minors!BV131 -> 0
A75: 74 | B75: D1-D4-D6-D10 | C75: =Minors!BW129 -> 61 | D75: =Minors!BW130 -> 65 | E75: =Minors!BW131 -> 0
A76: 75 | B76: D1-D4-D6-D11 | C76: =Minors!BX129 -> 50 | D76: =Minors!BX130 -> 76 | E76: =Minors!BX131 -> 0
A77: 76 | B77: D1-D4-D7-D8 | C77: =Minors!BY129 -> 66 | D77: =Minors!BY130 -> 60 | E77: =Minors!BY131 -> 0
A78: 77 | B78: D1-D4-D7-D9 | C78: =Minors!BZ129 -> 68 | D78: =Minors!BZ130 -> 58 | E78: =Minors!BZ131 -> 0
A79: 78 | B79: D1-D4-D7-D10 | C79: =Minors!CA129 -> 56 | D79: =Minors!CA130 -> 70 | E79: =Minors!CA131 -> 0
A80: 79 | B80: D1-D4-D7-D11 | C80: =Minors!CB129 -> 78 | D80: =Minors!CB130 -> 48 | E80: =Minors!CB131 -> 0
A81: 80 | B81: D1-D4-D8-D9 | C81: =Minors!CC129 -> 52 | D81: =Minors!CC130 -> 74 | E81: =Minors!CC131 -> 0
A82: 81 | B82: D1-D4-D8-D10 | C82: =Minors!CD129 -> 70 | D82: =Minors!CD130 -> 56 | E82: =Minors!CD131 -> 0
A83: 82 | B83: D1-D4-D8-D11 | C83: =Minors!CE129 -> 43 | D83: =Minors!CE130 -> 83 | E83: =Minors!CE131 -> 0
A84: 83 | B84: D1-D4-D9-D10 | C84: =Minors!CF129 -> 66 | D84: =Minors!CF130 -> 60 | E84: =Minors!CF131 -> 0
A85: 84 | B85: D1-D4-D9-D11 | C85: =Minors!CG129 -> 72 | D85: =Minors!CG130 -> 54 | E85: =Minors!CG131 -> 0
A86: 85 | B86: D1-D4-D10-D11 | C86: =Minors!CH129 -> 40 | D86: =Minors!CH130 -> 86 | E86: =Minors!CH131 -> 0
A87: 86 | B87: D1-D5-D6-D7 | C87: =Minors!CI129 -> 59 | D87: =Minors!CI130 -> 67 | E87: =Minors!CI131 -> 0
A88: 87 | B88: D1-D5-D6-D8 | C88: =Minors!CJ129 -> 67 | D88: =Minors!CJ130 -> 59 | E88: =Minors!CJ131 -> 0
A89: 88 | B89: D1-D5-D6-D9 | C89: =Minors!CK129 -> 67 | D89: =Minors!CK130 -> 59 | E89: =Minors!CK131 -> 0
A90: 89 | B90: D1-D5-D6-D10 | C90: =Minors!CL129 -> 79 | D90: =Minors!CL130 -> 47 | E90: =Minors!CL131 -> 0
A91: 90 | B91: D1-D5-D6-D11 | C91: =Minors!CM129 -> 75 | D91: =Minors!CM130 -> 51 | E91: =Minors!CM131 -> 0
A92: 91 | B92: D1-D5-D7-D8 | C92: =Minors!CN129 -> 67 | D92: =Minors!CN130 -> 59 | E92: =Minors!CN131 -> 0
A93: 92 | B93: D1-D5-D7-D9 | C93: =Minors!CO129 -> 68 | D93: =Minors!CO130 -> 58 | E93: =Minors!CO131 -> 0
A94: 93 | B94: D1-D5-D7-D10 | C94: =Minors!CP129 -> 73 | D94: =Minors!CP130 -> 53 | E94: =Minors!CP131 -> 0
A95: 94 | B95: D1-D5-D7-D11 | C95: =Minors!CQ129 -> 76 | D95: =Minors!CQ130 -> 50 | E95: =Minors!CQ131 -> 0
A96: 95 | B96: D1-D5-D8-D9 | C96: =Minors!CR129 -> 65 | D96: =Minors!CR130 -> 61 | E96: =Minors!CR131 -> 0
A97: 96 | B97: D1-D5-D8-D10 | C97: =Minors!CS129 -> 80 | D97: =Minors!CS130 -> 46 | E97: =Minors!CS131 -> 0
A98: 97 | B98: D1-D5-D8-D11 | C98: =Minors!CT129 -> 77 | D98: =Minors!CT130 -> 49 | E98: =Minors!CT131 -> 0
A99: 98 | B99: D1-D5-D9-D10 | C99: =Minors!CU129 -> 69 | D99: =Minors!CU130 -> 57 | E99: =Minors!CU131 -> 0
A100: 99 | B100: D1-D5-D9-D11 | C100: =Minors!CV129 -> 64 | D100: =Minors!CV130 -> 62 | E100: =Minors!CV131 -> 0
...

Sheet Column_roles
A1: D column | B1: Lines | C1: Cells (9 x lines) | D1: Total (from Total sheet) | E1: Mean per row | F1: Std dev across 9 rows | G1: Variation (std/mean) | H1: Share of minors where this column is in the minor and positive | I1: ... negative
A2: D1 | B2: 1-11 | C2: 99 | D2: =Total!B12 -> 11225 | E2: =D2/9 -> 1247.2222 | F2: =STDEV(Total!B3:B11) -> 229.27319 | G2: =F2/E2 -> 0.18382705 | H2: 7432 | I2: 7688
A3: D2 | B3: 12-14 | C3: 27 | D3: =Total!C12 -> 1542 | E3: =D3/9 -> 171.33333 | F3: =STDEV(Total!C3:C11) -> 5.8309519 | G3: =F3/E3 -> 0.034032793 | H3: 7482 | I3: 7637
A4: D3 | B4: 15 | C4: 9 | D4: =Total!D12 -> 718 | E4: =D4/9 -> 79.777778 | F4: =STDEV(Total!D3:D11) -> 35.569572 | G4: =F4/E4 -> 0.44585814 | H4: 7424 | I4: 7696
A5: D4 | B5: 16 | C5: 9 | D5: =Total!E12 -> 577 | E5: =D5/9 -> 64.111111 | F5: =STDEV(Total!E3:E11) -> 0.92796073 | G5: =F5/E5 -> 0.014474257 | H5: 7545 | I5: 7574
A6: D5 | B6: 17-18 | C6: 18 | D6: =Total!F12 -> 1639 | E6: =D6/9 -> 182.11111 | F6: =STDEV(Total!F3:F11) -> 67.912525 | G6: =F6/E6 -> 0.37291808 | H6: 7627 | I6: 7493
A7: D6 | B7: 19 | C7: 9 | D7: =Total!G12 -> 604 | E7: =D7/9 -> 67.111111 | F7: =STDEV(Total!G3:G11) -> 1.4529663 | G7: =F7/E7 -> 0.02165016 | H7: 7586 | I7: 7533
A8: D7 | B8: 20-21 | C8: 18 | D8: =Total!H12 -> 2292 | E8: =D8/9 -> 254.66667 | F8: =STDEV(Total!H3:H11) -> 79.558155 | G8: =F8/E8 -> 0.31240113 | H8: 7658 | I8: 7462
A9: D8 | B9: 22-26 | C9: 45 | D9: =Total!I12 -> 4135 | E9: =D9/9 -> 459.44444 | F9: =STDEV(Total!I3:I11) -> 14.275075 | G9: =F9/E9 -> 0.031070297 | H9: 7544 | I9: 7575
A10: D9 | B10: 27 | C10: 9 | D10: =Total!J12 -> 1013 | E10: =D10/9 -> 112.55556 | F10: =STDEV(Total!J3:J11) -> 72.320659 | G10: =F10/E10 -> 0.64253301 | H10: 7629 | I10: 7491
A11: D10 | B11: 28 | C11: 9 | D11: =Total!K12 -> 1702 | E11: =D11/9 -> 189.11111 | F11: =STDEV(Total!K3:K11) -> 62.460877 | G11: =F11/E11 -> 0.33028666 | H11: 7480 | I11: 7640
A12: D11 | B12: 29 | C12: 9 | D12: =Total!L12 -> 964 | E12: =D12/9 -> 107.11111 | F12: =STDEV(Total!L3:L11) -> 74.658296 | G12: =F12/E12 -> 0.69701728 | H12: 7473 | I12: 7647
A14: Columns 8-9: counts of minors (out of 15,120 containing the column) computed in Python. Low variation = column nearly constant across rows (D2, D4, D6): such columns make minors small/near-degenerate.

Sheet Number_hunt
A1: How many of the 330 D-quadruples have exactly k positive minors across the 126 row choices (k + negatives + zeros = 126)
A2: k positive | B2: # D-quadruples
A3: 36 | B3: =COUNTIF(Quad_summary!$C$2:$C$331,A3) -> 0
A4: 37 | B4: =COUNTIF(Quad_summary!$C$2:$C$331,A4) -> 0
A5: 38 | B5: =COUNTIF(Quad_summary!$C$2:$C$331,A5) -> 4
A6: 39 | B6: =COUNTIF(Quad_summary!$C$2:$C$331,A6) -> 4
A7: 40 | B7: =COUNTIF(Quad_summary!$C$2:$C$331,A7) -> 1
A8: 41 | B8: =COUNTIF(Quad_summary!$C$2:$C$331,A8) -> 0
A9: 42 | B9: =COUNTIF(Quad_summary!$C$2:$C$331,A9) -> 2
A10: 43 | B10: =COUNTIF(Quad_summary!$C$2:$C$331,A10) -> 1
A11: 44 | B11: =COUNTIF(Quad_summary!$C$2:$C$331,A11) -> 0
A12: 45 | B12: =COUNTIF(Quad_summary!$C$2:$C$331,A12) -> 0
A13: 46 | B13: =COUNTIF(Quad_summary!$C$2:$C$331,A13) -> 5
A14: 47 | B14: =COUNTIF(Quad_summary!$C$2:$C$331,A14) -> 4
... A58: 91 | B58: =COUNTIF(Quad_summary!$C$2:$C$331,A58) -> 0
A60: Highlighted: 54 and 72 (54 + 72 = 126). Total positive minors over all 41,580: see Combos_126!C129; negatives D129.

Sheet Layouts_126
A1: Per choice of 4 rows: positive / negative minors and status in each layout (natural D1..D11 order). Python-computed exact values.
B2: Counts of status (formulas) ->
A3: # | B3: Rows | C3: 62 pos | D3: 62 neg | E3: 62 status | F3: 62+216 pos | G3: 62+216 neg | H3: 62+216 status | I3: 62+216+white pos | J3: 62+216+white neg | K3: 62+216+white status | L3: 62+216+blue pos | M3: 62+216+blue neg | N3: 62+216+blue status | O3: Full pos | P3: Full neg | Q3: Full status
A4: 1 | B4: 1-2-3-4 | C4: 1 | D4: 0 | E4: =IF(C4+D4=0,"rank<4",IF(MIN(C4,D4)=0,IF(C4>0,"Gr>=0 (+)","Gr>=0 (-)"),"mixed")) -> Gr>=0 (+) | F4: 1 | G4: 0 | H4: =IF(F4+G4=0,"rank<4",IF(MIN(F4,G4)=0,IF(F4>0,"Gr>=0 (+)","Gr>=0 (-)"),"mixed")) -> Gr>=0 (+) | I4: 8 | J4: 7 | K4: =IF(I4+J4=0,"rank<4",IF(MIN(I4,J4)=0,IF(I4>0,"Gr>=0 (+)","Gr>=0 (-)"),"mixed")) -> mixed | L4: 66 | M4: 59 | N4: =IF(L4+M4=0,"rank<4",IF(MIN(L4,M4)=0,IF(L4>0,"Gr>=0 (+)","Gr>=0 (-)"),"mixed")) -> mixed | O4: 182 | P4: 148 | Q4: =IF(O4+P4=0,"rank<4",IF(MIN(O4,P4)=0,IF(O4>0,"Gr>=0 (+)","Gr>=0 (-)"),"mixed")) -> mixed
A5: 2 | B5: 1-2-3-5 | C5: 0 | D5: 0 | E5: =IF(C5+D5=0,"rank<4",IF(MIN(C5,D5)=0,IF(C5>0,"Gr>=0 (+)","Gr>=0 (-)"),"mixed")) -> rank<4 | F5: 0 | G5: 0 | H5: =IF(F5+G5=0,"rank<4",IF(MIN(F5,G5)=0,IF(F5>0,"Gr>=0 (+)","Gr>=0 (-)"),"mixed")) -> rank<4 | I5: 10 | J5: 5 | K5: =IF(I5+J5=0,"rank<4",IF(MIN(I5,J5)=0,IF(I5>0,"Gr>=0 (+)","Gr>=0 (-)"),"mixed")) -> mixed | L5: 54 | M5: 51 | N5: =IF(L5+M5=0,"rank<4",IF(MIN(L5,M5)=0,IF(L5>0,"Gr>=0 (+)","Gr>=0 (-)"),"mixed")) -> mixed | O5: 186 | P5: 144 | Q5: =IF(O5+P5=0,"rank<4",IF(MIN(O5,P5)=0,IF(O5>0,"Gr>=0 (+)","Gr>=0 (-)"),"mixed")) -> mixed
A6: 3 | B6: 1-2-3-6 | C6: 0 | D6: 0 | E6: =IF(C6+D6=0,"rank<4",IF(MIN(C6,D6)=0,IF(C6>0,"Gr>=0 (+)","Gr>=0 (-)"),"mixed")) -> rank<4 | F6: 0 | G6: 0 | H6: =IF(F6+G6=0,"rank<4",IF(MIN(F6,G6)=0,IF(F6>0,"Gr>=0 (+)","Gr>=0 (-)"),"mixed")) -> rank<4 | I6: 7 | J6: 8 | K6: =IF(I6+J6=0,"rank<4",IF(MIN(I6,J6)=0,IF(I6>0,"Gr>=0 (+)","Gr>=0 (-)"),"mixed")) -> mixed | L6: 52 | M6: 53 | N6: =IF(L6+M6=0,"rank<4",IF(MIN(L6,M6)=0,IF(L6>0,"Gr>=0 (+)","Gr>=0 (-)"),"mixed")) -> mixed | O6: 183 | P6: 147 | Q6: =IF(O6+P6=0,"rank<4",IF(MIN(O6,P6)=0,IF(O6>0,"Gr>=0 (+)","Gr>=0 (-)"),"mixed")) -> mixed
A7: 4 | B7: 1-2-3-7 | C7: 0 | D7: 0 | E7: =IF(C7+D7=0,"rank<4",IF(MIN(C7,D7)=0,IF(C7>0,"Gr>=0 (+)","Gr>=0 (-)"),"mixed")) -> rank<4 | F7: 0 | G7: 0 | H7: =IF(F7+G7=0,"rank<4",IF(MIN(F7,G7)=0,IF(F7>0,"Gr>=0 (+)","Gr>=0 (-)"),"mixed")) -> rank<4 | I7: 8 | J7: 7 | K7: =IF(I7+J7=0,"rank<4",IF(MIN(I7,J7)=0,IF(I7>0,"Gr>=0 (+)","Gr>=0 (-)"),"mixed")) -> mixed | L7: 55 | M7: 50 | N7: =IF(L7+M7=0,"rank<4",IF(MIN(L7,M7)=0,IF(L7>0,"Gr>=0 (+)","Gr>=0 (-)"),"mixed")) -> mixed | O7: 178 | P7: 152 | Q7: =IF(O7+P7=0,"rank<4",IF(MIN(O7,P7)=0,IF(O7>0,"Gr>=0 (+)","Gr>=0 (-)"),"mixed")) -> mixed
A8: 5 | B8: 1-2-3-8 | C8: 0 | D8: 0 | E8: =IF(C8+D8=0,"rank<4",IF(MIN(C8,D8)=0,IF(C8>0,"Gr>=0 (+)","Gr>=0 (-)"),"mixed")) -> rank<4 | F8: 0 | G8: 0 | H8: =IF(F8+G8=0,"rank<4",IF(MIN(F8,G8)=0,IF(F8>0,"Gr>=0 (+)","Gr>=0 (-)"),"mixed")) -> rank<4 | I8: 8 | J8: 7 | K8: =IF(I8+J8=0,"rank<4",IF(MIN(I8,J8)=0,IF(I8>0,"Gr>=0 (+)","Gr>=0 (-)"),"mixed")) -> mixed | L8: 53 | M8: 52 | N8: =IF(L8+M8=0,"rank<4",IF(MIN(L8,M8)=0,IF(L8>0,"Gr>=0 (+)","Gr>=0 (-)"),"mixed")) -> mixed | O8: 180 | P8: 150 | Q8: =IF(O8+P8=0,"rank<4",IF(MIN(O8,P8)=0,IF(O8>0,"Gr>=0 (+)","Gr>=0 (-)"),"mixed")) -> mixed
A9: 6 | B9: 1-2-3-9 | C9: 0 | D9: 4 | E9: =IF(C9+D9=0,"rank<4",IF(MIN(C9,D9)=0,IF(C9>0,"Gr>=0 (+)","Gr>=0 (-)"),"mixed")) -> Gr>=0 (-) | F9: 1 | G9: 4 | H9: =IF(F9+G9=0,"rank<4",IF(MIN(F9,G9)=0,IF(F9>0,"Gr>=0 (+)","Gr>=0 (-)"),"mixed")) -> mixed | I9: 7 | J9: 8 | K9: =IF(I9+J9=0,"rank<4",IF(MIN(I9,J9)=0,IF(I9>0,"Gr>=0 (+)","Gr>=0 (-)"),"mixed")) -> mixed | L9: 133 | M9: 142 | N9: =IF(L9+M9=0,"rank<4",IF(MIN(L9,M9)=0,IF(L9>0,"Gr>=0 (+)","Gr>=0 (-)"),"mixed")) -> mixed | O9: 175 | P9: 155 | Q9: =IF(O9+P9=0,"rank<4",IF(MIN(O9,P9)=0,IF(O9>0,"Gr>=0 (+)","Gr>=0 (-)"),"mixed")) -> mixed
A10: 7 | B10: 1-2-4-5 | C10: 0 | D10: 1 | E10: =IF(C10+D10=0,"rank<4",IF(MIN(C10,D10)=0,IF(C10>0,"Gr>=0 (+)","Gr>=0 (-)"),"mixed")) -> Gr>=0 (-) | F10: 0 | G10: 1 | H10: =IF(F10+G10=0,"rank<4",IF(MIN(F10,G10)=0,IF(F10>0,"Gr>=0 (+)","Gr>=0 (-)"),"mixed")) -> Gr>=0 (-) | I10: 7 | J10: 8 | K10: =IF(I10+J10=0,"rank<4",IF(MIN(I10,J10)=0,IF(I10>0,"Gr>=0 (+)","Gr>=0 (-)"),"mixed")) -> mixed | L10: 68 | M10: 58 | N10: =IF(L10+M10=0,"rank<4",IF(MIN(L10,M10)=0,IF(L10>0,"Gr>=0 (+)","Gr>=0 (-)"),"mixed")) -> mixed | O10: 148 | P10: 182 | Q10: =IF(O10+P10=0,"rank<4",IF(MIN(O10,P10)=0,IF(O10>0,"Gr>=0 (+)","Gr>=0 (-)"),"mixed")) -> mixed
A11: 8 | B11: 1-2-4-6 | C11: 1 | D11: 0 | E11: =IF(C11+D11=0,"rank<4",IF(MIN(C11,D11)=0,IF(C11>0,"Gr>=0 (+)","Gr>=0 (-)"),"mixed")) -> Gr>=0 (+) | F11: 1 | G11: 0 | H11: =IF(F11+G11=0,"rank<4",IF(MIN(F11,G11)=0,IF(F11>0,"Gr>=0 (+)","Gr>=0 (-)"),"mixed")) -> Gr>=0 (+) | I11: 5 | J11: 10 | K11: =IF(I11+J11=0,"rank<4",IF(MIN(I11,J11)=0,IF(I11>0,"Gr>=0 (+)","Gr>=0 (-)"),"mixed")) -> mixed | L11: 59 | M11: 67 | N11: =IF(L11+M11=0,"rank<4",IF(MIN(L11,M11)=0,IF(L11>0,"Gr>=0 (+)","Gr>=0 (-)"),"mixed")) -> mixed | O11: 160 | P11: 170 | Q11: =IF(O11+P11=0,"rank<4",IF(MIN(O11,P11)=0,IF(O11>0,"Gr>=0 (+)","Gr>=0 (-)"),"mixed")) -> mixed
A12: 9 | B12: 1-2-4-7 | C12: 0 | D12: 1 | E12: =IF(C12+D12=0,"rank<4",IF(MIN(C12,D12)=0,IF(C12>0,"Gr>=0 (+)","Gr>=0 (-)"),"mixed")) -> Gr>=0 (-) | F12: 0 | G12: 1 | H12: =IF(F12+G12=0,"rank<4",IF(MIN(F12,G12)=0,IF(F12>0,"Gr>=0 (+)","Gr>=0 (-)"),"mixed")) -> Gr>=0 (-) | I12: 9 | J12: 6 | K12: =IF(I12+J12=0,"rank<4",IF(MIN(I12,J12)=0,IF(I12>0,"Gr>=0 (+)","Gr>=0 (-)"),"mixed")) -> mixed | L12: 66 | M12: 60 | N12: =IF(L12+M12=0,"rank<4",IF(MIN(L12,M12)=0,IF(L12>0,"Gr>=0 (+)","Gr>=0 (-)"),"mixed")) -> mixed | O12: 172 | P12: 158 | Q12: =IF(O12+P12=0,"rank<4",IF(MIN(O12,P12)=0,IF(O12>0,"Gr>=0 (+)","Gr>=0 (-)"),"mixed")) -> mixed
A13: 10 | B13: 1-2-4-8 | C13: 1 | D13: 0 | E13: =IF(C13+D13=0,"rank<4",IF(MIN(C13,D13)=0,IF(C13>0,"Gr>=0 (+)","Gr>=0 (-)"),"mixed")) -> Gr>=0 (+) | F13: 1 | G13: 0 | H13: =IF(F13+G13=0,"rank<4",IF(MIN(F13,G13)=0,IF(F13>0,"Gr>=0 (+)","Gr>=0 (-)"),"mixed")) -> Gr>=0 (+) | I13: 4 | J13: 11 | K13: =IF(I13+J13=0,"rank<4",IF(MIN(I13,J13)=0,IF(I13>0,"Gr>=0 (+)","Gr>=0 (-)"),"mixed")) -> mixed | L13: 65 | M13: 61 | N13: =IF(L13+M13=0,"rank<4",IF(MIN(L13,M13)=0,IF(L13>0,"Gr>=0 (+)","Gr>=0 (-)"),"mixed")) -> mixed | O13: 153 | P13: 177 | Q13: =IF(O13+P13=0,"rank<4",IF(MIN(O13,P13)=0,IF(O13>0,"Gr>=0 (+)","Gr>=0 (-)"),"mixed")) -> mixed
A14: 11 | B14: 1-2-4-9 | C14: 3 | D14: 6 | E14: =IF(C14+D14=0,"rank<4",IF(MIN(C14,D14)=0,IF(C14>0,"Gr>=0 (+)","Gr>=0 (-)"),"mixed")) -> mixed | F14: 4 | G14: 5 | H14: =IF(F14+G14=0,"rank<4",IF(MIN(F14,G14)=0,IF(F14>0,"Gr>=0 (+)","Gr>=0 (-)"),"mixed")) -> mixed | I14: 6 | J14: 9 | K14: =IF(I14+J14=0,"rank<4",IF(MIN(I14,J14)=0,IF(I14>0,"Gr>=0 (+)","Gr>=0 (-)"),"mixed")) -> mixed | L14: 139 | M14: 155 | N14: =IF(L14+M14=0,"rank<4",IF(MIN(L14,M14)=0,IF(L14>0,"Gr>=0 (+)","Gr>=0 (-)"),"mixed")) -> mixed | O14: 147 | P14: 183 | Q14: =IF(O14+P14=0,"rank<4",IF(MIN(O14,P14)=0,IF(O14>0,"Gr>=0 (+)","Gr>=0 (-)"),"mixed")) -> mixed
A15: 12 | B15: 1-2-5-6 | C15: 0 | D15: 0 | E15: =IF(C15+D15=0,"rank<4",IF(MIN(C15,D15)=0,IF(C15>0,"Gr>=0 (+)","Gr>=0 (-)"),"mixed")) -> rank<4 | F15: 0 | G15: 0 | H15: =IF(F15+G15=0,"rank<4",IF(MIN(F15,G15)=0,IF(F15>0,"Gr>=0 (+)","Gr>=0 (-)"),"mixed")) -> rank<4 | I15: 7 | J15: 8 | K15: =IF(I15+J15=0,"rank<4",IF(MIN(I15,J15)=0,IF(I15>0,"Gr>=0 (+)","Gr>=0 (-)"),"mixed")) -> mixed | L15: 53 | M15: 52 | N15: =IF(L15+M15=0,"rank<4",IF(MIN(L15,M15)=0,IF(L15>0,"Gr>=0 (+)","Gr>=0 (-)"),"mixed")) -> mixed | O15: 176 | P15: 154 | Q15: =IF(O15+P15=0,"rank<4",IF(MIN(O15,P15)=0,IF(O15>0,"Gr>=0 (+)","Gr>=0 (-)"),"mixed")) -> mixed
... A129: 126 | B129: 6-7-8-9 | C129: 0 | D129: 0 | E129: =IF(C129+D129=0,"rank<4",IF(MIN(C129,D129)=0,IF(C129>0,"Gr>=0 (+)","Gr>=0 (-)"),"mixed")) -> rank<4 | F129: 0 | G129: 0 | H129: =IF(F129+G129=0,"rank<4",IF(MIN(F129,G129)=0,IF(F129>0,"Gr>=0 (+)","Gr>=0 (-)"),"mixed")) -> rank<4 | I129: 10 | J129: 5 | K129: =IF(I129+J129=0,"rank<4",IF(MIN(I129,J129)=0,IF(I129>0,"Gr>=0 (+)","Gr>=0 (-)"),"mixed")) -> mixed | L129: 79 | M129: 61 | N129: =IF(L129+M129=0,"rank<4",IF(MIN(L129,M129)=0,IF(L129>0,"Gr>=0 (+)","Gr>=0 (-)"),"mixed")) -> mixed | O129: 152 | P129: 178 | Q129: =IF(O129+P129=0,"rank<4",IF(MIN(O129,P129)=0,IF(O129>0,"Gr>=0 (+)","Gr>=0 (-)"),"mixed")) -> mixed
B130: Status counts
B131: Gr>=0 (+) | E131: =COUNTIF(E4:E129,"Gr>=0 (+)") -> 21 | H131: =COUNTIF(H4:H129,"Gr>=0 (+)") -> 13 | K131: =COUNTIF(K4:K129,"Gr>=0 (+)") -> 0 | N131: =COUNTIF(N4:N129,"Gr>=0 (+)") -> 0 | Q131: =COUNTIF(Q4:Q129,"Gr>=0 (+)") -> 0
B132: Gr>=0 (-) | E132: =COUNTIF(E4:E129,"Gr>=0 (-)") -> 18 | H132: =COUNTIF(H4:H129,"Gr>=0 (-)") -> 14 | K132: =COUNTIF(K4:K129,"Gr>=0 (-)") -> 0 | N132: =COUNTIF(N4:N129,"Gr>=0 (-)") -> 0 | Q132: =COUNTIF(Q4:Q129,"Gr>=0 (-)") -> 0
B133: mixed | E133: =COUNTIF(E4:E129,"mixed") -> 3 | H133: =COUNTIF(H4:H129,"mixed") -> 15 | K133: =COUNTIF(K4:K129,"mixed") -> 126 | N133: =COUNTIF(N4:N129,"mixed") -> 126 | Q133: =COUNTIF(Q4:Q129,"mixed") -> 126
B134: rank<4 | E134: =COUNTIF(E4:E129,"rank<4") -> 84 | H134: =COUNTIF(H4:H129,"rank<4") -> 84 | K134: =COUNTIF(K4:K129,"rank<4") -> 0 | N134: =COUNTIF(N4:N129,"rank<4") -> 0 | Q134: =COUNTIF(Q4:Q129,"rank<4") -> 0

Sheet Names_99
A1: 99 names: static and dynamic values and cell placement (values from your lists; cells from the placement rules, verified against your grid)
A3: Name ID | B3: Static | C3: Dynamic | D3: Rising? | E3: Grey cell (static value) | F3: Grey D | G3: White cell | H3: White D | I3: Blue cell | J3: Blue D
A4: L1 | B4: 50 | C4: 50 | D4: =IF(C4<>B4,"rising","") | E4: 50 | F4: 1 | G4: 194 | H4: 5 | I4: 140 | J4: 2
A5: L2 | B5: 69 | C5: 69 | D5: =IF(C5<>B5,"rising","") | E5: 69 | F5: 1 | G5: 195 | H5: 5 | I5: 206 | J5: 6
A6: L3 | B6: 107 | C6: 107 | D6: =IF(C6<>B6,"rising","") | E6: 107 | F6: 1 | G6: 196 | H6: 5 | I6: 266 | J6: 8
A7: L4 | B7: 100 | C7: 100 | D7: =IF(C7<>B7,"rising","") | E7: 100 | F7: 1 | G7: 197 | H7: 5 | I7: 260 | J7: 8
A8: L5 | B8: 70 | C8: 110 | D8: =IF(C8<>B8,"rising","") -> rising | E8: 70 | F8: 1 | G8: 198 | H8: 5 | I8: 268 | J8: 8
A9: L6 | B9: 191 | C9: 271 | D9: =IF(C9<>B9,"rising","") -> rising | E9: 191 | F9: 5 | G9: 208 | H9: 7 | I9: 287 | J9: 10
A10: L7 | B10: 68 | C10: 68 | D10: =IF(C10<>B10,"rising","") | E10: 68 | F10: 1 | G10: 209 | H10: 7 | I10: 204 | J10: 6
A11: L8 | B11: 83 | C11: 83 | D11: =IF(C11<>B11,"rising","") | E11: 83 | F11: 1 | G11: 210 | H11: 7 | I11: 234 | J11: 8
A12: L9 | B12: 65 | C12: 65 | D12: =IF(C12<>B12,"rising","") | E12: 65 | F12: 1 | G12: 212 | H12: 7 | I12: 177 | J12: 4
A13: L10 | B13: 105 | C13: 105 | D13: =IF(C13<>B13,"rising","") | E13: 105 | F13: 1 | G13: 213 | H13: 7 | I13: 264 | J13: 8
A14: L11 | B14: 134 | C14: 134 | D14: =IF(C14<>B14,"rising","") | E14: 134 | F14: 1 | G14: 214 | H14: 7 | I14: 282 | J14: 10
A15: L12 | B15: 70 | C15: 70 | D15: =IF(C15<>B15,"rising","") | E15: 70 | F15: 1 | G15: 215 | H15: 7 | I15: 226 | J15: 8
... A102: Y21 | B102: 62 | C102: 62 | D102: =IF(C102<>B102,"rising","") | E102: 62 | F102: 1 | G102: 193 | H102: 5 | I102: 161 | J102: 2
A104: Totals / medians (formulas)
A105: Sum static | B105: =SUM(B4:B102) -> 7840
A106: Sum dynamic | B106: =SUM(C4:C102) -> 8560
A107: Sum of 84 fixed names | B107: =SUMIF(D4:D102,"",B4:B102) -> 6605
A108: Sum of 15 rising (static) | B108: =SUMIF(D4:D102,"rising",B4:B102) -> 1235
A109: Sum of 15 rising (dynamic) | B109: =SUMIF(D4:D102,"rising",C4:C102) -> 1955
A110: Median static (50th of 99) | B110: =MEDIAN(B4:B102) -> 67
A111: Times that static value occurs | B111: =COUNTIF(B4:B102,B110) -> 1
A112: Median dynamic (50th of 99) | B112: =MEDIAN(C4:C102) -> 79
A113: Times that dynamic value occurs | B113: =COUNTIF(C4:C102,B112) -> 3
A114: Mean static | B114: =AVERAGE(B4:B102) -> 79.191919
A115: Mean dynamic | B115: =AVERAGE(C4:C102) -> 86.464646

Sheet Number_checks
A1: Arithmetic checks of numbers raised in the discussion (formulas)
A3: Check | B3: Result (formula) | C3: Expected / note
A4: Appearances: grey 114 + white 99 + blue 99 | B4: =114+99+99 -> 312 | C4: 312
A5: 3 x 84 + 4 x 15 | B5: =3*84+4*15 -> 312 | C5: 312
A6: 3 x 99 | B6: =3*99 -> 297 | C6: 297
A7: Difference 312 - 297 | B7: =312-297 -> 15 | C7: 15
A8: Centre cell of cells 37..297 | B8: =(37+297)/2 -> 167 | C8: 167 (line 15 = D3, grid column 5)
A9: 9 + 167 | B9: =9+167 -> 176 | C9: 176 (note: not 174)
A10: 9 + 167 + 40 | B10: =9+167+40 -> 216 | C10: 216
A11: 6605 + 167 | B11: =6605+167 -> 6772 | C11: 6772
A12: 6772 x 29 | B12: =(6605+167)*29 -> 196388 | C12: 196388
A13: + 5 x 99 | B13: =(6605+167)*29+5*99 -> 196883 | C13: 196883
A14: 47 x 59 x 71 | B14: =47*59*71 -> 196883 | C14: 196883 (smallest nontrivial Monster representation dimension)
A15: Sum of 84 fixed names (from Names_99) | B15: =Names_99!B107 -> 6605 | C15: 6605
A17: Facts checked outside the sheet:
A18: 167 is prime and is the 39th prime (the 34th prime is 139).
A19: Static median (50th of 99) = 67, occurring once. Dynamic median = 79, occurring three times (L31, Y3, Y8, at positions 50-52). The value 57 does not occur among the 99 values.
A20: The 39 Gr>=0 row choices in the 62 layout and the 39th-prime rank of 167 are an unexamined numerical coincidence.
